"","uniID","flower.fov","Date","mean.Solar","mean.Wind","mean.MaxWind","mean.Temp","PlantID","SecondaryID","Cam","treatment","flowering","TimeOut","flowers.shrub","flowers.pot","het.shrub.blooming.neighbours","het.cactus.blooming.neighbours","understory.richness","het.annual.floral.density","understory.assoc","total.visits","Length","pos.Length","dec.Length","visits.per.hour","total.flowers","flowers.per.hour","visits.flower.hr","flowers.flower.hr"
"1","LO14.10.2017",18,"4.10.2017",0.7625,5.15,9.775,18.35,"146","","LO1","open","pre","13:06",0,"18",0,0,5,0,"NO",20,"1:22:51",2018-04-17 01:22:51,1.38083333333333,14.4840072420036,40,28.9680144840072,0.804667069000201,1.6093341380004
"2","LS14.10.2017",9,"4.10.2017",0.7625,5.15,9.775,18.35,"146","","LS1","shrub","pre","13:06",0,"11",0,0,3,1,"NO",9,"1:37:04",2018-04-17 01:37:04,1.61777777777778,5.56318681318681,12,7.41758241758242,0.618131868131868,0.824175824175824
"3","LO24.10.2017",9,"4.10.2017",0.7625,5.15,9.775,18.35,"193","","LO2","open","pre","13:08",0,"8",0,0,3,1,"NO",24,"1:30:48",2018-04-17 01:30:48,1.51333333333333,15.8590308370044,33,21.8061674008811,1.76211453744493,2.42290748898678
"4","LS24.10.2017",9,"4.10.2017",0.7625,5.15,9.775,18.35,"193","","LS2","shrub","pre","13:08",0,"12",0,0,4,0,"NO",8,"1:40:22",2018-04-17 01:40:22,1.67277777777778,4.78246429757556,9,5.3802723347725,0.53138492195284,0.597808037196945
"5","LO34.10.2017",12,"4.10.2017",0.7625,5.15,9.775,18.35,"187","","LO3","open","pre","13:13",0,"12",0,0,4,19,"NO",10,"0:52:39",2018-04-17 00:52:39,0.8775,11.3960113960114,14,15.954415954416,0.949667616334283,1.329534662868
"6","LS34.10.2017",12,"4.10.2017",0.7625,5.15,9.775,18.35,"187","","LS3","shrub","pre","13:13",0,"15",0,0,4,2,"NO",5,"0:43:00",2018-04-17 00:43:00,0.716666666666667,6.97674418604651,5,6.97674418604651,0.581395348837209,0.581395348837209
"7","LO44.10.2017",9,"4.10.2017",0.7625,5.15,9.775,18.35,"288","","LO4","open","pre","13:17",0,"7",1,0,3,0,"NO",11,"0:39:39",2018-04-17 00:39:39,0.660833333333333,16.6456494325347,11,16.6456494325347,1.84951660361496,1.84951660361496
"8","LS44.10.2017",7,"4.10.2017",0.7625,5.15,9.775,18.35,"288","","LS4","shrub","pre","13:17",0,"8",1,0,3,0,"NO",4,"0:45:38",2018-04-17 00:45:38,0.760555555555556,5.25931336742148,4,5.25931336742148,0.751330481060211,0.751330481060211
"9","LS54.10.2017",5,"4.10.2017",0.7625,5.15,9.775,18.35,"266","","LS5","shrub","pre","13:27",0,"5",0,0,2,0,"NO",3,"0:47:32",2018-04-17 00:47:32,0.792222222222222,3.78681626928471,4,5.04908835904628,0.757363253856942,1.00981767180926
"10","LO64.10.2017",8,"4.10.2017",0.7625,5.15,9.775,18.35,"273","","LO6","open","pre","13:22",0,"10",2,0,2,0,"NO",11,"0:58:29",2018-04-17 00:58:29,0.974722222222222,11.2852664576803,16,16.4149330293531,1.41065830721003,2.05186662866914
"11","LS64.10.2017",7,"4.10.2017",0.7625,5.15,9.775,18.35,"273","","LS6","shrub","pre","13:22",0,"10",2,0,3,3,"NO",5,"1:17:59",2018-04-17 01:17:59,1.29972222222222,3.8469758495405,5,3.8469758495405,0.549567978505786,0.549567978505786
"12","LO14.11.2017",10,"4.11.2017",0.61,6.325,11.5375,18.575,"265","","LO1","open","pre","13:26",0,"11",4,0,3,0,"NO",8,"1:34:53",2018-04-17 01:34:53,1.58138888888889,5.05884419462498,10,6.32355524328122,0.505884419462498,0.632355524328122
"13","LO34.11.2017",NA,"4.11.2017",0.61,6.325,11.5375,18.575,"289","","LO3","open","pre","13:16",0,"7",0,0,2,1,"NO",0,"0:56:10",2018-04-17 00:56:10,0.936111111111111,0,0,0,0,0
"14","LO44.11.2017",11,"4.11.2017",0.61,6.325,11.5375,18.575,"191","","LO4","open","pre","13:12",0,"11",0,0,2,0,"NO",2,"0:43:38",2018-04-17 00:43:38,0.727222222222222,2.7501909854851,3,4.12528647822765,0.250017362316828,0.375026043475241
"15","LO54.11.2017",8,"4.11.2017",0.61,6.325,11.5375,18.575,"196","","LO5","open","pre","13:05",2,"8",0,0,3,12,"NO",6,"1:15:43",2018-04-17 01:15:43,1.26194444444444,4.75456746643187,6,4.75456746643187,0.594320933303984,0.594320933303984
"16","LO64.11.2017",10,"4.11.2017",0.61,6.325,11.5375,18.575,"194","","LO6","open","pre","13:00",0,"9",0,0,2,0,"NO",11,"1:16:46",2018-04-17 01:16:46,1.27944444444444,8.59748154580981,14,10.9422492401216,0.859748154580981,1.09422492401216
"17","LS14.11.2017",8,"4.11.2017",0.61,6.325,11.5375,18.575,"265","","LS1","shrub","pre","13:26",0,"9",4,0,3,1,"NO",11,"1:38:30",2018-04-17 01:38:30,1.64166666666667,6.7005076142132,14,8.52791878172589,0.83756345177665,1.06598984771574
"18","LS24.11.2017",8,"4.11.2017",0.61,6.325,11.5375,18.575,"275","","LS2","shrub","pre","13:21",1,"8",0,0,3,0,"NO",6,"1:42:01",2018-04-17 01:42:01,1.70027777777778,3.52883515765398,7,4.11697435059631,0.441104394706747,0.514621793824538
"19","LS34.11.2017",7,"4.11.2017",0.61,6.325,11.5375,18.575,"289","","LS3","shrub","pre","13:16",0,"8",0,0,5,0,"ephedra",1,"0:31:34",2018-04-17 00:31:34,0.526111111111111,1.90073917634636,1,1.90073917634636,0.27153416804948,0.27153416804948
"20","LS44.11.2017",9,"4.11.2017",0.61,6.325,11.5375,18.575,"191","","LS4","shrub","pre","13:12",0,"10",0,0,4,0,"NO",2,"0:57:04",2018-04-17 00:57:04,0.951111111111111,2.10280373831776,2,2.10280373831776,0.233644859813084,0.233644859813084
"21","LS64.11.2017",11,"4.11.2017",0.61,6.325,11.5375,18.575,"194","","LS6","shrub","pre","13:00",0,"10",0,0,3,2,"NO",7,"1:08:22",2018-04-17 01:08:22,1.13944444444444,6.14334470989761,13,11.4090687469527,0.558485882717965,1.03718806790479
"22","LO14.12.2017",6,"4.12.2017",0.75875,6.6625,11.3625,18.6125,"263","","LO1","open","pre","12:37",0,"7",0,0,2,0,"NO",10,"1:32:40",2018-04-17 01:32:40,1.54444444444444,6.47482014388489,20,12.9496402877698,1.07913669064748,2.15827338129496
"23","LO24.12.2017",10,"4.12.2017",0.75875,6.6625,11.3625,18.6125,"272","","LO2","open","pre","12:42",0,"9",0,0,2,2,"NO",6,"1:28:50",2018-04-17 01:28:50,1.48055555555556,4.05253283302064,7,4.72795497185741,0.405253283302064,0.472795497185741
"24","LO34.12.2017",6,"4.12.2017",0.75875,6.6625,11.3625,18.6125,"296","","LO3","open","pre","12:28",1,"6",0,0,1,0,"NO",6,"1:12:10",2018-04-17 01:12:10,1.20277777777778,4.98845265588915,13,10.8083140877598,0.831408775981524,1.8013856812933
"25","LO44.12.2017",11,"4.12.2017",0.75875,6.6625,11.3625,18.6125,"190","","LO4","open","pre","12:33",0,"13",0,0,3,1,"NO",6,"1:05:33",2018-04-17 01:05:33,1.0925,5.49199084668192,8,7.32265446224256,0.499271895152902,0.665695860203869
"26","LO54.12.2017",13,"4.12.2017",0.75875,6.6625,11.3625,18.6125,"189","","LO5","open","pre","12:18",1,"15",0,0,2,1,"NO",9,"1:17:13",2018-04-17 01:17:13,1.28694444444444,6.99330887114181,15,11.6555147852363,0.537946836241678,0.896578060402796
"27","LO64.12.2017",6,"4.12.2017",0.75875,6.6625,11.3625,18.6125,"293","","LO6","open","pre","12:12",0,"6",2,0,4,16,"NO",4,"1:18:33",2018-04-17 01:18:33,1.30916666666667,3.05537873965627,4,3.05537873965627,0.509229789942712,0.509229789942712
"28","LS14.12.2017",6,"4.12.2017",0.75875,6.6625,11.3625,18.6125,"263","","LS1","shrub","pre","12:37",0,"6",0,0,2,0,"silver.cholla",2,"1:28:14",2018-04-17 01:28:14,1.47055555555556,1.36003022289384,3,2.04004533434076,0.22667170381564,0.340007555723461
"29","LS24.12.2017",8,"4.12.2017",0.75875,6.6625,11.3625,18.6125,"272","","LS2","shrub","pre","12:42",0,"9",1,0,3,3,"amb.sal, turp, acamp",2,"1:40:05",2018-04-17 01:40:05,1.66805555555556,1.19900083263947,4,2.39800166527893,0.149875104079933,0.299750208159867
"30","LS34.12.2017",7,"4.12.2017",0.75875,6.6625,11.3625,18.6125,"296","","LS3","shrub","pre","12:28",1,"6",1,0,3,24,"ephedra",13,"1:07:06",2018-04-17 01:07:06,1.11833333333333,11.6244411326379,16,14.3070044709389,1.66063444751969,2.0438577815627
"31","LS44.12.2017",10,"4.12.2017",0.75875,6.6625,11.3625,18.6125,"190","","LS4","shrub","pre","12:33",0,"11",1,0,4,14,"NO",5,"0:56:18",2018-04-17 00:56:18,0.938333333333333,5.32859680284192,8,8.52575488454707,0.532859680284192,0.852575488454707
"32","LS54.12.2017",15,"4.12.2017",0.75875,6.6625,11.3625,18.6125,"189","","LS5","shrub","pre","12:18",1,"15",1,0,4,0,"NO",8,"1:05:49",2018-04-17 01:05:49,1.09694444444444,7.29298556596607,11,10.0278551532033,0.486199037731071,0.668523676880223
"33","LS64.12.2017",6,"4.12.2017",0.75875,6.6625,11.3625,18.6125,"293","","LS6","shrub","pre","12:12",0,"7",1,0,3,0,"NO",2,"1:07:30",2018-04-17 01:07:30,1.125,1.77777777777778,2,1.77777777777778,0.296296296296296,0.296296296296296
"34","LO14.13.2017",6,"4.13.2017",0.76,6.1125,10.675,18.5625,"262","","LO1","open","pre","11:12",0,"7",2,0,3,0,"NO",20,"1:32:24",2018-04-17 01:32:24,1.54,12.987012987013,20,12.987012987013,2.16450216450216,2.16450216450216
"35","LO24.13.2017",7,"4.13.2017",0.76,6.1125,10.675,18.5625,"180","","LO2","open","pre","11:22",0,"7",0,0,3,1,"NO",8,"1:32:33",2018-04-17 01:32:33,1.5425,5.18638573743922,8,5.18638573743922,0.740912248205603,0.740912248205603
"36","LO34.13.2017",7,"4.13.2017",0.76,6.1125,10.675,18.5625,"186","","LO3","open","pre","11:39",0,"7",1,0,4,2,"no",9,"1:02:41",2018-04-17 01:02:41,1.04472222222222,8.61473012496676,10,9.57192236107418,1.23067573213811,1.36741748015345
"37","LO44.13.2017",9,"4.13.2017",0.76,6.1125,10.675,18.5625,"192","","LO4","open","pre","11:47",0,"8",1,0,3,0,"no",17,"0:59:46",2018-04-17 00:59:46,0.996111111111111,17.0663692136085,19,19.0741773563859,1.8962632459565,2.11935303959844
"38","LO54.13.2017",11,"4.13.2017",0.76,6.1125,10.675,18.5625,"199","","LO5","open","pre","12:03",1,"11",0,0,2,0,"no",9,"1:16:44",2018-04-17 01:16:44,1.27888888888889,7.03735881841877,9,7.03735881841877,0.639759892583524,0.639759892583524
"39","LO64.13.2017",8,"4.13.2017",0.76,6.1125,10.675,18.5625,"300","","LO6","open","pre","12:08",0,"8",0,0,2,19,"no",4,"1:14:12",2018-04-17 01:14:12,1.23666666666667,3.2345013477089,4,3.2345013477089,0.404312668463612,0.404312668463612
"40","LS14.13.2017",6,"4.13.2017",0.76,6.1125,10.675,18.5625,"262","","LS1","shrub","pre","11:12",0,"7",2,0,2,0,"no",5,"1:37:21",2018-04-17 01:37:21,1.6225,3.08166409861325,5,3.08166409861325,0.513610683102209,0.513610683102209
"41","LS24.13.2017",6,"4.13.2017",0.76,6.1125,10.675,18.5625,"180","","LS2","shrub","pre","11:22",0,"7",2,0,4,1,"acamp",3,"1:42:07",2018-04-17 01:42:07,1.70194444444444,1.76268973396442,4,2.35025297861923,0.293781622327403,0.391708829769871
"42","LS34.13.2017",7,"4.13.2017",0.76,6.1125,10.675,18.5625,"186","","LS3","shrub","pre","11:39",0,"7",2,0,4,14,"acamp",3,"1:01:54",2018-04-17 01:01:54,1.03166666666667,2.90791599353796,3,2.90791599353796,0.415416570505423,0.415416570505423
"43","LS44.13.2017",9,"4.13.2017",0.76,6.1125,10.675,18.5625,"192","","LS4","shrub","pre","11:47",0,"8",0,0,2,0,"no",1,"0:52:21",2018-04-17 00:52:21,0.8725,1.14613180515759,1,1.14613180515759,0.127347978350844,0.127347978350844
"44","LS54.13.2017",12,"4.13.2017",0.76,6.1125,10.675,18.5625,"199","","LS5","shrub","pre","12:03",1,"11",0,0,1,0,"no",21,"1:01:09",2018-04-17 01:01:09,1.01916666666667,20.6050695012265,33,32.3793949304988,1.71708912510221,2.6982829108749
"45","LS64.13.2017",9,"4.13.2017",0.76,6.1125,10.675,18.5625,"300","","LS6","shrub","pre","12:08",0,"8",0,0,2,7,"no",5,"1:05:26",2018-04-17 01:05:26,1.09055555555556,4.58481915435558,5,4.58481915435558,0.509424350483953,0.509424350483953
"46","LO14.14.2017",6,"4.14.2017",0.767142857142857,6.24285714285714,11.7857142857143,15.8857142857143,"268","","LO1","open","pre","14:17",3,"7",0,0,3,0,"no",32,"1:20:35",2018-04-17 01:20:35,1.34305555555556,23.8262668045502,59,43.9296794208894,3.97104446742503,7.32161323681489
"47","LO24.14.2017",9,"4.14.2017",0.767142857142857,6.24285714285714,11.7857142857143,15.8857142857143,"269","","LO2","open","pre","14:22",1,"9",0,0,1,0,"no",2,"1:15:42",2018-04-17 01:15:42,1.26166666666667,1.58520475561427,2,1.58520475561427,0.176133861734919,0.176133861734919
"48","LO34.14.2017",13,"4.14.2017",0.767142857142857,6.24285714285714,11.7857142857143,15.8857142857143,"184","","LO3","open","pre","14:32",1,"10",0,0,2,0,"no",2,"1:06:14",2018-04-17 01:06:14,1.10388888888889,1.81177654755913,2,1.81177654755913,0.139367426735318,0.139367426735318
"49","LO44.14.2017",7,"4.14.2017",0.767142857142857,6.24285714285714,11.7857142857143,15.8857142857143,"188","","LO4","open","pre","14:38",0,"8",0,0,2,0,"no",3,"1:04:34",2018-04-17 01:04:34,1.07611111111111,2.787816210635,4,3.71708828084667,0.398259458662143,0.531012611549524
"50","LO54.14.2017",NA,"4.14.2017",0.767142857142857,6.24285714285714,11.7857142857143,15.8857142857143,"197","","LO5","open","pre","14:46",1,"8",0,0,3,0,"no",0,"1:15:42",2018-04-17 01:15:42,1.26166666666667,0,0,0,0,0
"51","LO64.14.2017",14,"4.14.2017",0.767142857142857,6.24285714285714,11.7857142857143,15.8857142857143,"195","","LO6","open","pre","14:51",1,"15",1,0,2,0,"no",4,"1:14:39",2018-04-17 01:14:39,1.24416666666667,3.21500334896182,4,3.21500334896182,0.229643096354416,0.229643096354416
"52","LS14.14.2017",6,"4.14.2017",0.767142857142857,6.24285714285714,11.7857142857143,15.8857142857143,"268","","LS1","shrub","pre","14:17",3,"7",1,0,2,0,"ephedra",17,"1:19:24",2018-04-17 01:19:24,1.32333333333333,12.8463476070529,17,12.8463476070529,2.14105793450882,2.14105793450882
"53","LS24.14.2017",9,"4.14.2017",0.767142857142857,6.24285714285714,11.7857142857143,15.8857142857143,"269","","LS2","shrub","pre","14:22",1,"9",2,0,1,0,"no",3,"1:42:53",2018-04-17 01:42:53,1.71472222222222,1.7495545115827,3,1.7495545115827,0.194394945731411,0.194394945731411
"54","LS34.14.2017",7,"4.14.2017",0.767142857142857,6.24285714285714,11.7857142857143,15.8857142857143,"184","","LS3","shrub","pre","14:32",1,"10",0,0,3,0,"no",6,"0:59:22",2018-04-17 00:59:22,0.989444444444444,6.06400898371701,11,11.1173498034812,0.866286997673859,1.58819282906874
"55","LS44.14.2017",6,"4.14.2017",0.767142857142857,6.24285714285714,11.7857142857143,15.8857142857143,"188","","LS4","shrub","pre","14:38",0,"8",1,0,2,0,"ephedra",4,"0:53:26",2018-04-17 00:53:26,0.890555555555556,4.49157829070493,4,4.49157829070493,0.748596381784155,0.748596381784155
"56","LS54.14.2017",8,"4.14.2017",0.767142857142857,6.24285714285714,11.7857142857143,15.8857142857143,"197","","LS5","shrub","pre","14:46",1,"8",0,0,1,0,"no",2,"0:32:53",2018-04-17 00:32:53,0.548055555555556,3.64926507856057,4,7.29853015712114,0.456158134820071,0.912316269640142
"57","LS64.14.2017",15,"4.14.2017",0.767142857142857,6.24285714285714,11.7857142857143,15.8857142857143,"195","","LS6","shrub","pre","14:51",1,"15",0,0,3,0,"acamp",3,"1:05:09",2018-04-17 01:05:09,1.08583333333333,2.76285495011512,3,2.76285495011512,0.184190330007675,0.184190330007675
"58","LO14.15.2017",11,"4.15.2017",0.76875,5.175,9.5125,18.5,"278","","LO1","open","pre","12:42",0,"12",0,0,3,2,"no",21,"1:34:38",2018-04-17 01:34:38,1.57722222222222,13.3145473758366,24,15.2166255723846,1.21041339780332,1.38332959748951
"59","LO24.15.2017",9,"4.15.2017",0.76875,5.175,9.5125,18.5,"280","","LO2","open","pre","12:49",0,"10",1,0,3,0,"no",14,"1:28:05",2018-04-17 01:28:05,1.46805555555556,9.5364238410596,14,9.5364238410596,1.05960264900662,1.05960264900662
"60","LO34.15.2017",6,"4.15.2017",0.76875,5.175,9.5125,18.5,"282","","LO3","open","pre","13:05",0,"6",0,0,2,0,"no",3,"1:05:22",2018-04-17 01:05:22,1.08944444444444,2.75369709331973,3,2.75369709331973,0.458949515553289,0.458949515553289
"61","LO44.15.2017",8,"4.15.2017",0.76875,5.175,9.5125,18.5,"294","","LO4","open","pre","13:13",0,"9",0,0,3,0,"no",5,"1:06:59",2018-04-17 01:06:59,1.11638888888889,4.47872605125653,6,5.37447126150784,0.559840756407066,0.67180890768848
"62","LO54.15.2017",6,"4.15.2017",0.76875,5.175,9.5125,18.5,"295","","LO5","open","pre","13:20",0,"6",0,0,2,4,"no",1,"1:15:33",2018-04-17 01:15:33,1.25916666666667,0.794176042356056,1,0.794176042356056,0.132362673726009,0.132362673726009
"63","LO64.15.2017",9,"4.15.2017",0.76875,5.175,9.5125,18.5,"299","","LO6","open","pre","13:28",0,"11",0,0,3,0,"no",5,"1:07:23",2018-04-17 01:07:23,1.12305555555556,4.45213950037101,8,7.12342320059362,0.49468216670789,0.791491466732624
"64","LS14.15.2017",12,"4.15.2017",0.76875,5.175,9.5125,18.5,"278","","LS1","shrub","pre","12:42",0,"12",0,0,3,0,"no",12,"1:36:25",2018-04-17 01:36:25,1.60694444444444,7.4675885911841,12,7.4675885911841,0.622299049265341,0.622299049265341
"65","LS24.15.2017",10,"4.15.2017",0.76875,5.175,9.5125,18.5,"280","","LS2","shrub","pre","12:49",0,"10",0,0,2,0,"ephedra",3,"1:38:29",2018-04-17 01:38:29,1.64138888888889,1.8277204264681,6,3.6554408529362,0.18277204264681,0.36554408529362
"66","LS34.15.2017",5,"4.15.2017",0.76875,5.175,9.5125,18.5,"282","","LS3","shrub","pre","13:05",0,"6",0,0,3,0,"no",2,"0:53:06",2018-04-17 00:53:06,0.885,2.25988700564972,2,2.25988700564972,0.451977401129944,0.451977401129944
"67","LS44.15.2017",8,"4.15.2017",0.76875,5.175,9.5125,18.5,"294","","LS4","shrub","pre","13:13",0,"9",0,0,3,4,"ephedra",4,"0:48:11",2018-04-17 00:48:11,0.803055555555556,4.98097544102387,4,4.98097544102387,0.622621930127983,0.622621930127983
"68","LS54.15.2017",6,"4.15.2017",0.76875,5.175,9.5125,18.5,"295","","LS5","shrub","pre","13:20",0,"6",0,0,4,2,"acamp",3,"1:02:53",2018-04-17 01:02:53,1.04805555555556,2.86244367877021,3,2.86244367877021,0.477073946461702,0.477073946461702
"69","LS64.15.2017",10,"4.15.2017",0.76875,5.175,9.5125,18.5,"299","","LS6","shrub","pre","13:28",0,"11",0,0,2,0,"acamp",5,"1:07:09",2018-04-17 01:07:09,1.11916666666667,4.46760982874162,5,4.46760982874162,0.446760982874162,0.446760982874162
"70","LO14.16.2017",12,"4.16.2017",0.73875,5.175,9.625,18.75,"264","","LO1","open","pre","11:50",1,"12",0,0,1,0,"no",27,"1:35:35",2018-04-17 01:35:35,1.59305555555556,16.9485614646905,27,16.9485614646905,1.41238012205754,1.41238012205754
"71","LO34.16.2017",8,"4.16.2017",0.73875,5.175,9.625,18.75,"286","","LO3","open","pre","12:09",0,"7",0,0,2,0,"no",11,"1:06:56",2018-04-17 01:06:56,1.11555555555556,9.8605577689243,11,9.8605577689243,1.23256972111554,1.23256972111554
"72","LO44.16.2017",7,"4.16.2017",0.73875,5.175,9.625,18.75,"182","","LO4","open","pre","12:15",3,"7",0,0,2,7,"no",7,"1:02:46",2018-04-17 01:02:46,1.04611111111111,6.69144981412639,7,6.69144981412639,0.955921402018056,0.955921402018056
"73","LO54.16.2017",10,"4.16.2017",0.73875,5.175,9.625,18.75,"185","","LO5","open","pre","12:21",0,"12",1,0,4,0,"no",30,"1:15:05",2018-04-17 01:15:05,1.25138888888889,23.9733629300777,30,23.9733629300777,2.39733629300777,2.39733629300777
"74","LO64.16.2017",6,"4.16.2017",0.73875,5.175,9.625,18.75,"291","","LO6","open","pre","12:29",1,"6",0,0,2,1,"no",6,"1:04:23",2018-04-17 01:04:23,1.07305555555556,5.5915091897489,6,5.5915091897489,0.931918198291483,0.931918198291483
"75","LS14.16.2017",11,"4.16.2017",0.73875,5.175,9.625,18.75,"264","","LS1","shrub","pre","11:50",1,"12",0,0,2,0,"acamp",9,"1:37:38",2018-04-17 01:37:38,1.62722222222222,5.53089791737794,10,6.14544213041994,0.502808901579813,0.558676557310903
"76","LS24.16.2017",6,"4.16.2017",0.73875,5.175,9.625,18.75,"276","","LS2","shrub","pre","12:04",3,"6",0,0,2,1,"?",15,"1:41:53",2018-04-17 01:41:53,1.69805555555556,8.83363324063471,15,8.83363324063471,1.47227220677245,1.47227220677245
"77","LS34.16.2017",7,"4.16.2017",0.73875,5.175,9.625,18.75,"286","","LS3","shrub","pre","12:09",0,"7",0,0,1,3,"ephedra",1,"0:58:50",2018-04-17 00:58:50,0.980555555555556,1.01983002832861,1,1.01983002832861,0.145690004046945,0.145690004046945
"78","LS44.16.2017",7,"4.16.2017",0.73875,5.175,9.625,18.75,"182","","LS4","shrub","pre","12:15",3,"7",0,0,3,2,"no",1,"0:52:19",2018-04-17 00:52:19,0.871944444444444,1.14686205798025,2,2.2937241159605,0.163837436854321,0.327674873708642
"79","LS54.16.2017",12,"4.16.2017",0.73875,5.175,9.625,18.75,"185","","LS5","shrub","pre","12:21",0,"12",1,0,4,0,"ephedra",1,"1:02:09",2018-04-17 01:02:09,1.03583333333333,0.965406275140788,1,0.965406275140788,0.080450522928399,0.080450522928399
"80","LS64.16.2017",5,"4.16.2017",0.73875,5.175,9.625,18.75,"291","","LS6","shrub","pre","12:29",1,"6",2,0,2,1,"no",4,"1:06:43",2018-04-17 01:06:43,1.11194444444444,3.59730202348239,4,3.59730202348239,0.719460404696478,0.719460404696478
"81","LO14.18.2017",6,"4.18.2017",0.668571428571429,6.01428571428571,11.7,16.2571428571429,"270","","LO1","open","pre","12:47",5,"7",1,0,2,0,"",6,"1:18:13",2018-04-17 01:18:13,1.30361111111111,4.60259961645003,6,4.60259961645003,0.767099936075005,0.767099936075005
"82","LO24.18.2017",12,"4.18.2017",0.668571428571429,6.01428571428571,11.7,16.2571428571429,"271","","LO2","open","pre","12:53",0,"12",0,0,2,0,"",1,"1:28:13",2018-04-17 01:28:13,1.47027777777778,0.680143585868128,1,0.680143585868128,0.0566786321556773,0.0566786321556773
"83","LO34.18.2017",9,"4.18.2017",0.668571428571429,6.01428571428571,11.7,16.2571428571429,"283","","LO3","open","pre","13:01",0,"9",0,0,1,0,"",1,"1:04:58",2018-04-17 01:04:58,1.08277777777778,0.923550538737814,1,0.923550538737814,0.102616726526424,0.102616726526424
"84","LO44.18.2017",9,"4.18.2017",0.668571428571429,6.01428571428571,11.7,16.2571428571429,"290","","LO4","open","pre","13:09",5,"10",0,0,3,0,"",3,"0:54:38",2018-04-17 00:54:38,0.910555555555556,3.29469188529591,3,3.29469188529591,0.36607687614399,0.36607687614399
"85","LO54.18.2017",11,"4.18.2017",0.668571428571429,6.01428571428571,11.7,16.2571428571429,"297","","LO5","open","pre","13:17",2,"9",0,0,3,0,"",1,"1:14:35",2018-04-17 01:14:35,1.24305555555556,0.804469273743017,1,0.804469273743017,0.0731335703402742,0.0731335703402742
"86","LO64.18.2017",NA,"4.18.2017",0.668571428571429,6.01428571428571,11.7,16.2571428571429,"298","","LO6","open","pre","13:16",5,"9",0,0,2,0,"",0,"0:40:17",2018-04-17 00:40:17,0.671388888888889,0,0,0,0,0
"87","LS14.18.2017",8,"4.18.2017",0.668571428571429,6.01428571428571,11.7,16.2571428571429,"270","","LS1","shrub","pre","12:47",5,"7",0,0,3,0,"",9,"1:36:20",2018-04-17 01:36:20,1.60555555555556,5.60553633217993,9,5.60553633217993,0.700692041522491,0.700692041522491
"88","LS24.18.2017",11,"4.18.2017",0.668571428571429,6.01428571428571,11.7,16.2571428571429,"271","","LS2","shrub","pre","12:53",0,"12",0,0,3,0,"",8,"1:40:29",2018-04-17 01:40:29,1.67472222222222,4.77691159396251,8,4.77691159396251,0.434264690360229,0.434264690360229
"89","LS34.18.2017",8,"4.18.2017",0.668571428571429,6.01428571428571,11.7,16.2571428571429,"283","","LS3","shrub","pre","13:01",0,"9",0,0,2,0,"",2,"0:41:49",2018-04-17 00:41:49,0.696944444444444,2.86966919091271,2,2.86966919091271,0.358708648864089,0.358708648864089
"90","LS44.18.2017",NA,"4.18.2017",0.668571428571429,6.01428571428571,11.7,16.2571428571429,"290","","LS4","shrub","pre","13:09",5,"10",0,0,3,0,"",0,"0:52:06",2018-04-17 00:52:06,0.868333333333333,0,0,0,0,0
"91","LS54.18.2017",NA,"4.18.2017",0.668571428571429,6.01428571428571,11.7,16.2571428571429,"297","","LS5","shrub","pre","13:17",2,"9",0,0,1,0,"",0,"0:39:42",2018-04-17 00:39:42,0.661666666666667,0,0,0,0,0
"92","LS64.18.2017",9,"4.18.2017",0.668571428571429,6.01428571428571,11.7,16.2571428571429,"298","","LS6","shrub","pre","13:16",5,"9",0,0,2,0,"yucca",2,"1:07:51",2018-04-17 01:07:51,1.13083333333333,1.76860722181282,2,1.76860722181282,0.196511913534758,0.196511913534758
"93","LO14.19.2017",12,"4.19.2017",0.77625,6.025,10.0125,17.9,"114","","LO1","open","pre","12:15",2,"13",1,0,1,0,"",14,"1:35:48",2018-04-17 01:35:48,1.59666666666667,8.76826722338205,16,10.0208768267223,0.730688935281837,0.835073068893528
"94","LO24.19.2017",13,"4.19.2017",0.77625,6.025,10.0125,17.9,"274","","LO2","open","pre","12:11",1,"12",0,0,2,0,"",4,"1:14:08",2018-04-17 01:14:08,1.23555555555556,3.23741007194245,4,3.23741007194245,0.249031543995573,0.249031543995573
"95","LO34.19.2017",4,"4.19.2017",0.77625,6.025,10.0125,17.9,"281","","LO3","open","pre","12:09",2,"5",0,0,1,0,"",4,"1:02:41",2018-04-17 01:02:41,1.04472222222222,3.82876894442967,4,3.82876894442967,0.957192236107418,0.957192236107418
"96","LO44.19.2017",12,"4.19.2017",0.77625,6.025,10.0125,17.9,"198","","LO4","open","pre","12:06",1,"11",0,0,4,0,"",1,"0:52:42",2018-04-17 00:52:42,0.878333333333333,1.13851992409867,1,1.13851992409867,0.094876660341556,0.094876660341556
"97","LO54.19.2017",11,"4.19.2017",0.77625,6.025,10.0125,17.9,"181","","LO5","open","pre","12:04",3,"12",1,0,2,0,"",9,"1:15:02",2018-04-17 01:15:02,1.25055555555556,7.1968014215904,9,7.1968014215904,0.654254674690037,0.654254674690037
"98","LO64.19.2017",NA,"4.19.2017",0.77625,6.025,10.0125,17.9,"183","","LO6","open","pre","12:02",0,"9",1,0,3,0,"",0,"1:00:39",2018-04-17 01:00:39,1.01083333333333,0,0,0,0,0
"99","LS14.19.2017",12,"4.19.2017",0.77625,6.025,10.0125,17.9,"114","","LS1","shrub","pre","12:15",2,"13",1,0,2,0,"",4,"1:20:17",2018-04-17 01:20:17,1.33805555555556,2.98941249740502,4,2.98941249740502,0.249117708117085,0.249117708117085
"100","LS24.19.2017",12,"4.19.2017",0.77625,6.025,10.0125,17.9,"274","","LS2","shrub","pre","12:11",1,"12",0,0,3,1,"",12,"1:34:05",2018-04-17 01:34:05,1.56805555555556,7.65279007971656,12,7.65279007971656,0.637732506643047,0.637732506643047
"101","LS34.19.2017",5,"4.19.2017",0.77625,6.025,10.0125,17.9,"281","","LS3","shrub","pre","12:09",2,"5",0,0,1,0,"",1,"0:56:58",2018-04-17 00:56:58,0.949444444444444,1.05324751316559,1,1.05324751316559,0.210649502633119,0.210649502633119
"102","LS44.19.2017",9,"4.19.2017",0.77625,6.025,10.0125,17.9,"198","","LS4","shrub","pre","12:06",1,"11",0,0,3,0,"ephedra",3,"0:57:07",2018-04-17 00:57:07,0.951944444444444,3.15144441202218,3,3.15144441202218,0.350160490224686,0.350160490224686
"103","LS54.19.2017",12,"4.19.2017",0.77625,6.025,10.0125,17.9,"181","","LS5","shrub","pre","12:04",3,"12",1,0,3,0,"",4,"1:01:25",2018-04-17 01:01:25,1.02361111111111,3.90773405698779,4,3.90773405698779,0.325644504748982,0.325644504748982
"104","LS64.19.2017",8,"4.19.2017",0.77625,6.025,10.0125,17.9,"183","","LS6","shrub","pre","12:02",0,"9",1,0,3,0,"",13,"1:07:39",2018-04-17 01:07:39,1.1275,11.529933481153,13,11.529933481153,1.44124168514412,1.44124168514412
"105","LO14.20.2017",NA,"4.20.2017",0.79875,6.125,10.3625,17.8625,"104","","LO1","open","pre","12:37",4,"11",2,0,3,0,"",0,"1:36:11",2018-04-17 01:36:11,1.60305555555556,0,0,0,0,0
"106","LO24.20.2017",9,"4.20.2017",0.79875,6.125,10.3625,17.8625,"261","","LO2","open","pre","12:33",1,"12",2,0,2,0,"",2,"1:25:03",2018-04-17 01:25:03,1.4175,1.41093474426808,2,1.41093474426808,0.156770527140898,0.156770527140898
"107","LO34.20.2017",8,"4.20.2017",0.79875,6.125,10.3625,17.8625,"301","","LO3","open","pre","12:27",5,"8",2,0,3,1,"",2,"1:02:54",2018-04-17 01:02:54,1.04833333333333,1.90779014308426,2,1.90779014308426,0.238473767885533,0.238473767885533
"108","LO44.20.2017",NA,"4.20.2017",0.79875,6.125,10.3625,17.8625,"285","","LO4","open","pre","12:29",4,"10",0,1,3,0,"",0,"1:10:30",2018-04-17 01:10:30,1.175,0,0,0,0,0
"109","LO54.20.2017",4,"4.20.2017",0.79875,6.125,10.3625,17.8625,"302","","LO5","open","pre","12:16",3,"7",0,0,1,0,"",2,"1:15:10",2018-04-17 01:15:10,1.25277777777778,1.59645232815965,2,1.59645232815965,0.399113082039911,0.399113082039911
"110","LO64.20.2017",12,"4.20.2017",0.79875,6.125,10.3625,17.8625,"303","","LO6","open","pre","12:24",2,"16",2,0,1,0,"",17,"1:09:43",2018-04-17 01:09:43,1.16194444444444,14.6306478603873,17,14.6306478603873,1.21922065503227,1.21922065503227
"111","LS14.20.2017",9,"4.20.2017",0.79875,6.125,10.3625,17.8625,"104","","LS1","shrub","pre","12:37",4,"11",2,0,2,0,"",7,"1:37:28",2018-04-17 01:37:28,1.62444444444444,4.30916552667579,8,4.92476060191519,0.478796169630643,0.547195622435021
"112","LS24.20.2017",12,"4.20.2017",0.79875,6.125,10.3625,17.8625,"261","","LS2","shrub","pre","12:33",1,"12",1,0,4,0,"",13,"1:42:25",2018-04-17 01:42:25,1.70694444444444,7.61594792514239,13,7.61594792514239,0.634662327095199,0.634662327095199
"113","LS34.20.2017",9,"4.20.2017",0.79875,6.125,10.3625,17.8625,"301","","LS3","shrub","pre","12:27",5,"8",3,0,2,0,"acamp",2,"0:41:34",2018-04-17 00:41:34,0.692777777777778,2.8869286287089,2,2.8869286287089,0.320769847634322,0.320769847634322
"114","LS44.20.2017",6,"4.20.2017",0.79875,6.125,10.3625,17.8625,"285","","LS4","shrub","pre","12:29",4,"10",1,1,2,1,"acamp",2,"0:50:02",2018-04-17 00:50:02,0.833888888888889,2.39840106595603,2,2.39840106595603,0.399733510992672,0.399733510992672
"115","LS54.20.2017",6,"4.20.2017",0.79875,6.125,10.3625,17.8625,"302","","LS5","shrub","pre","13:56",3,"7",1,0,1,0,"",8,"1:01:57",2018-04-17 01:01:57,1.0325,7.74818401937046,8,7.74818401937046,1.29136400322841,1.29136400322841
"116","LS64.20.2017",13,"4.20.2017",0.79875,6.125,10.3625,17.8625,"303","","LS6","shrub","pre","12:24",2,"16",2,0,2,0,"",4,"1:09:35",2018-04-17 01:09:35,1.15972222222222,3.44910179640719,4,3.44910179640719,0.265315522800553,0.265315522800553
"117","LS14.21.2017",13,"4.21.2017",0.772857142857143,7.12857142857143,13.2428571428571,15.9285714285714,"276","","LS1","shrub","bloom","14:26",328,"13",3,0,2,0,"?",1,"1:33:05",2018-04-17 01:33:05,1.55138888888889,0.644583706356312,1,0.644583706356312,0.0495833620274086,0.0495833620274086
"118","LO14.21.2017",13,"4.21.2017",0.772857142857143,7.12857142857143,13.2428571428571,15.9285714285714,"276","","LO1","open","bloom","14:26",328,"13",2,0,1,0,"",8,"1:38:40",2018-04-17 01:38:40,1.64444444444444,4.86486486486486,11,6.68918918918919,0.374220374220374,0.514553014553015
"119","LS24.21.2017",10,"4.21.2017",0.772857142857143,7.12857142857143,13.2428571428571,15.9285714285714,"275","","LS2","shrub","bloom","14:31",279,"18",0,0,3,0,"",9,"1:38:11",2018-04-17 01:38:11,1.63638888888889,5.49991512476659,9,5.49991512476659,0.549991512476659,0.549991512476659
"120","LO24.21.2017",16,"4.21.2017",0.772857142857143,7.12857142857143,13.2428571428571,15.9285714285714,"275","","LO2","open","bloom","14:31",279,"18",0,0,1,0,"",2,"1:30:36",2018-04-17 01:30:36,1.51,1.32450331125828,3,1.98675496688742,0.0827814569536424,0.124172185430464
"121","LS34.21.2017",NA,"4.21.2017",0.772857142857143,7.12857142857143,13.2428571428571,15.9285714285714,"189","","LS3","shrub","bloom","14:04",194,"10",NA,NA,NA,NA,"",0,"1:15:19",2018-04-17 01:15:19,1.25527777777778,0,0,0,0,0
"122","LO34.21.2017",NA,"4.21.2017",0.772857142857143,7.12857142857143,13.2428571428571,15.9285714285714,"189","","LO3","open","bloom","14:04",194,"10",NA,NA,NA,NA,"",0,"0:55:44",2018-04-17 00:55:44,0.928888888888889,0,0,0,0,0
"123","LO44.21.2017",7,"4.21.2017",0.772857142857143,7.12857142857143,13.2428571428571,15.9285714285714,"182","","LO4","open","bloom","14:10",110,"7",NA,NA,NA,NA,"",6,"1:21:16",2018-04-17 01:21:16,1.35444444444444,4.4298605414274,6,4.4298605414274,0.632837220203914,0.632837220203914
"124","LS44.21.2017",7,"4.21.2017",0.772857142857143,7.12857142857143,13.2428571428571,15.9285714285714,"182","","LS4","shrub","bloom","14:10",110,"7",NA,NA,NA,NA,"",4,"1:15:44",2018-04-17 01:15:44,1.26222222222222,3.16901408450704,5,3.9612676056338,0.45271629778672,0.5658953722334
"125","LO54.21.2017",9,"4.21.2017",0.772857142857143,7.12857142857143,13.2428571428571,15.9285714285714,"180","","LO5","open","bloom","14:14",384,"9",4,0,3,9,"",4,"1:21:46",2018-04-17 01:21:46,1.36277777777778,2.93518141051773,6,4.4027721157766,0.326131267835304,0.489196901752955
"126","LS54.21.2017",9,"4.21.2017",0.772857142857143,7.12857142857143,13.2428571428571,15.9285714285714,"180","","LS5","shrub","bloom","14:14",384,"9",4,0,1,0,"s.cholla",3,"1:34:46",2018-04-17 01:34:46,1.57944444444444,1.89940204009849,3,1.89940204009849,0.211044671122054,0.211044671122054
"127","LO64.21.2017",NA,"4.21.2017",0.772857142857143,7.12857142857143,13.2428571428571,15.9285714285714,"194","","LO6","open","bloom","14:20",367,"16",0,0,2,0,"",0,"1:12:48",2018-04-17 01:12:48,1.21333333333333,0,0,0,0,0
"128","LS64.21.2017",9,"4.21.2017",0.772857142857143,7.12857142857143,13.2428571428571,15.9285714285714,"194","","LS6","shrub","bloom","14:20",367,"16",1,0,2,0,"",1,"1:24:55",2018-04-17 01:24:55,1.41527777777778,0.70657507360157,1,0.70657507360157,0.0785083415112856,0.0785083415112856
"129","LO14.22.2017",9,"4.22.2017",0.77375,5.425,9.675,17.2,"289","","LO1","open","bloom","13:02",255,"9",1,0,3,0,"",5,"1:18:11",2018-04-17 01:18:11,1.30305555555556,3.83713493924536,8,6.13941590279258,0.426348326582818,0.682157322532509
"130","LS14.22.2017",9,"4.22.2017",0.77375,5.425,9.675,17.2,"289","","LS1","shrub","bloom","13:02",255,"9",1,0,1,0,"",2,"1:11:42",2018-04-17 01:11:42,1.195,1.67364016736402,2,1.67364016736402,0.185960018596002,0.185960018596002
"131","LO24.22.2017",8,"4.22.2017",0.77375,5.425,9.675,17.2,"146","","LO2","open","bloom","13:25",216,"9",0,0,2,0,"",14,"1:14:16",2018-04-17 01:14:16,1.23777777777778,11.310592459605,15,12.1184919210054,1.41382405745063,1.51481149012567
"132","LS24.22.2017",8,"4.22.2017",0.77375,5.425,9.675,17.2,"146","","LS2","shrub","bloom","13:25",216,"9",0,0,2,0,"",22,"1:19:04",2018-04-17 01:19:04,1.31777777777778,16.6947723440135,22,16.6947723440135,2.08684654300169,2.08684654300169
"133","LO34.22.2017",9,"4.22.2017",0.77375,5.425,9.675,17.2,"266","","LO3","open","bloom","13:39",184,"9",0,0,3,0,"",4,"1:14:07",2018-04-17 01:14:07,1.23527777777778,3.2381380706094,4,3.2381380706094,0.3597931189566,0.3597931189566
"134","LS34.22.2017",9,"4.22.2017",0.77375,5.425,9.675,17.2,"266","","LS3","shrub","bloom","13:39",184,"9",1,0,3,0,"",10,"1:02:03",2018-04-17 01:02:03,1.03416666666667,9.6696212731668,12,11.6035455278002,1.0744023636852,1.28928283642224
"135","LO44.22.2017",11,"4.22.2017",0.77375,5.425,9.675,17.2,"new1","","LO4","open","bloom","13:47",530,"10",0,0,2,0,"",4,"1:39:59",2018-04-17 01:39:59,1.66638888888889,2.40040006667778,4,2.40040006667778,0.218218187879798,0.218218187879798
"136","LS44.22.2017",8,"4.22.2017",0.77375,5.425,9.675,17.2,"new1","","LS4","shrub","bloom","13:47",530,"10",1,0,2,0,"",7,"1:15:40",2018-04-17 01:15:40,1.26111111111111,5.55066079295154,8,6.34361233480176,0.693832599118943,0.79295154185022
"137","LO54.22.2017",7,"4.22.2017",0.77375,5.425,9.675,17.2,"195","","LO5","open","bloom","14:01",263,"8",0,0,2,0,"",4,"1:18:33",2018-04-17 01:18:33,1.30916666666667,3.05537873965627,4,3.05537873965627,0.436482677093753,0.436482677093753
"138","LS54.22.2017",9,"4.22.2017",0.77375,5.425,9.675,17.2,"195","","LS5","shrub","bloom","14:01",263,"8",1,0,3,2,"",6,"1:25:42",2018-04-17 01:25:42,1.42833333333333,4.20070011668611,6,4.20070011668611,0.466744457409568,0.466744457409568
"139","LO64.22.2017",7,"4.22.2017",0.77375,5.425,9.675,17.2,"197","","LO6","open","bloom","13:55",141,"8",0,0,2,0,"",2,"1:25:38",2018-04-17 01:25:38,1.42722222222222,1.40132347216816,2,1.40132347216816,0.200189067452594,0.200189067452594
"140","LS64.22.2017",8,"4.22.2017",0.77375,5.425,9.675,17.2,"197","","LS6","shrub","bloom","13:55",141,"8",0,0,2,0,"",6,"1:24:13",2018-04-17 01:24:13,1.40361111111111,4.27468830397784,6,4.27468830397784,0.534336037997229,0.534336037997229
"141","LO14.23.2017",21,"4.23.2017",0.7775,4.575,9.4,17.1625,"264","","LO1","open","bloom","11:06",120,"21",0,0,1,0,"",8,"1:21:48",2018-04-17 01:21:48,1.36333333333333,5.8679706601467,10,7.33496332518337,0.2794271742927,0.349283967865875
"142","LO24.23.2017",10,"4.23.2017",0.7775,4.575,9.4,17.1625,"301","","LO2","open","bloom","11:18",228,"10",1,0,0,NA,"",5,"1:12:31",2018-04-17 01:12:31,1.20861111111111,4.13698000459664,5,4.13698000459664,0.413698000459664,0.413698000459664
"143","LO34.23.2017",14,"4.23.2017",0.7775,4.575,9.4,17.1625,"295","","LO3","open","bloom","11:39",253,"16",3,0,3,4,"",6,"1:29:35",2018-04-17 01:29:35,1.49305555555556,4.01860465116279,6,4.01860465116279,0.287043189368771,0.287043189368771
"144","LO44.23.2017",9,"4.23.2017",0.7775,4.575,9.4,17.1625,"298","","LO4","open","bloom","11:49",263,"9",0,0,3,0,"",11,"1:41:13",2018-04-17 01:41:13,1.68694444444444,6.52066523958505,13,7.70624073769142,0.724518359953894,0.856248970854602
"145","LO54.23.2017",14,"4.23.2017",0.7775,4.575,9.4,17.1625,"196","","LO5","open","bloom","12:02",197,"14",0,0,2,0,"",3,"1:36:38",2018-04-17 01:36:38,1.61055555555556,1.86271127975164,5,3.10451879958606,0.133050805696546,0.221751342827576
"146","LO64.23.2017",8,"4.23.2017",0.7775,4.575,9.4,17.1625,"192","","LO6","open","bloom","12:10",298,"8",0,0,3,1,"",26,"1:27:23",2018-04-17 01:27:23,1.45638888888889,17.8523745946977,26,17.8523745946977,2.23154682433721,2.23154682433721
"147","LS14.23.2017",21,"4.23.2017",0.7775,4.575,9.4,17.1625,"264","","LS1","shrub","bloom","11:06",120,"21",1,0,1,0,"",4,"1:18:23",2018-04-17 01:18:23,1.30638888888889,3.06187539868169,4,3.06187539868169,0.145803590413414,0.145803590413414
"148","LS24.23.2017",10,"4.23.2017",0.7775,4.575,9.4,17.1625,"301","","LS2","shrub","bloom","11:18",228,"10",3,0,0,0,"acamp fl",1,"1:19:08",2018-04-17 01:19:08,1.31888888888889,0.75821398483572,1,0.75821398483572,0.075821398483572,0.075821398483572
"149","LS34.23.2017",14,"4.23.2017",0.7775,4.575,9.4,17.1625,"295","","LS3","shrub","bloom","11:39",253,"16",2,0,2,0,"acamp fl",11,"1:15:35",2018-04-17 01:15:35,1.25972222222222,8.73208379272326,11,8.73208379272326,0.623720270908805,0.623720270908805
"150","LS44.23.2017",8,"4.23.2017",0.7775,4.575,9.4,17.1625,"298","","LS4","shrub","bloom","11:49",263,"9",1,0,2,0,"",10,"1:35:44",2018-04-17 01:35:44,1.59555555555556,6.26740947075209,17,10.6545961002786,0.783426183844011,1.33182451253482
"151","LS54.23.2017",14,"4.23.2017",0.7775,4.575,9.4,17.1625,"196","","LS5","shrub","bloom","12:02",197,"14",0,0,3,0,"",10,"1:18:17",2018-04-17 01:18:17,1.30472222222222,7.66446668086012,15,11.4967000212902,0.547461905775723,0.821192858663585
"152","LS64.23.2017",9,"4.23.2017",0.7775,4.575,9.4,17.1625,"192","","LS6","shrub","bloom","12:10",298,"8",0,1,2,0,"",4,"1:43:33",2018-04-17 01:43:33,1.72583333333333,2.31772090777402,5,2.89715113471753,0.257524545308225,0.321905681635281
"153","LO14.25.2017",NA,"4.25.2017",0.714285714285714,5.98571428571429,11.8428571428571,16.4142857142857,"262","","LO1","open","bloom","14:41",280,"8",4,0,3,0,"",0,"1:21:59",2018-04-17 01:21:59,1.36638888888889,0,0,0,0,0
"154","LO24.25.2017",7,"4.25.2017",0.714285714285714,5.98571428571429,11.8428571428571,16.4142857142857,"282","","LO2","open","bloom","14:48",111,"8",1,2,3,0,"",2,"1:29:19",2018-04-17 01:29:19,1.48861111111111,1.34353424146296,2,1.34353424146296,0.191933463066137,0.191933463066137
"155","LO34.25.2017",7,"4.25.2017",0.714285714285714,5.98571428571429,11.8428571428571,16.4142857142857,"293","","LO3","open","bloom","15:04",103,"7",2,0,2,0,"",1,"1:15:39",2018-04-17 01:15:39,1.26083333333333,0.793126239259749,1,0.793126239259749,0.113303748465678,0.113303748465678
"156","LO44.25.2017",9,"4.25.2017",0.714285714285714,5.98571428571429,11.8428571428571,16.4142857142857,"294","","LO4","open","bloom","15:11",168,"8",0,1,2,2,"",1,"1:42:59",2018-04-17 01:42:59,1.71638888888889,0.582618546690403,1,0.582618546690403,0.0647353940767114,0.0647353940767114
"157","LO54.25.2017",7,"4.25.2017",0.714285714285714,5.98571428571429,11.8428571428571,16.4142857142857,"297","","LO5","open","bloom","15:20",354,"7",0,0,2,0,"",1,"1:23:32",2018-04-17 01:23:32,1.39222222222222,0.718276137270551,1,0.718276137270551,0.102610876752936,0.102610876752936
"158","LO64.25.2017",NA,"4.25.2017",0.714285714285714,5.98571428571429,11.8428571428571,16.4142857142857,"188","","LO6","open","bloom","15:28",126,"7",2,0,3,0,"",0,"1:14:38",2018-04-17 01:14:38,1.24388888888889,0,0,0,0,0
"159","LS14.25.2017",8,"4.25.2017",0.714285714285714,5.98571428571429,11.8428571428571,16.4142857142857,"262","","LS1","shrub","bloom","14:41",280,"8",3,0,3,2,"",1,"1:37:11",2018-04-17 01:37:11,1.61972222222222,0.617389813068084,1,0.617389813068084,0.0771737266335105,0.0771737266335105
"160","LS24.25.2017",NA,"4.25.2017",0.714285714285714,5.98571428571429,11.8428571428571,16.4142857142857,"282","","LS2","shrub","bloom","14:48",111,"8",3,1,3,0,"",0,"1:21:01",2018-04-17 01:21:01,1.35027777777778,0,0,0,0,0
"161","LS34.25.2017",NA,"4.25.2017",0.714285714285714,5.98571428571429,11.8428571428571,16.4142857142857,"293","","LS3","shrub","bloom","15:04",103,"7",5,1,3,0,"",0,"1:35:38",2018-04-17 01:35:38,1.59388888888889,0,0,0,0,0
"162","LS44.25.2017",9,"4.25.2017",0.714285714285714,5.98571428571429,11.8428571428571,16.4142857142857,"294","","LS4","shrub","bloom","15:11",168,"8",0,1,3,0,"",1,"1:38:34",2018-04-17 01:38:34,1.64277777777778,0.608725059181603,1,0.608725059181603,0.0676361176868448,0.0676361176868448
"163","LS54.25.2017",NA,"4.25.2017",0.714285714285714,5.98571428571429,11.8428571428571,16.4142857142857,"297","","LS5","shrub","bloom","15:20",354,"7",0,0,4,0,"",0,"1:19:48",2018-04-17 01:19:48,1.33,0,0,0,0,0
"164","LS64.25.2017",NA,"4.25.2017",0.714285714285714,5.98571428571429,11.8428571428571,16.4142857142857,"188","","LS6","shrub","bloom","15:28",126,"7",2,0,3,0,"",0,"1:27:26",2018-04-17 01:27:26,1.45722222222222,0,0,0,0,0
"165","LO14.26.2017",12,"4.26.2017",0.65625,5.1875,10.4625,17.4,"114","","LO1","open","bloom","11:20",302,"11",4,1,1,0,"",4,"1:39:12",2018-04-17 01:39:12,1.65333333333333,2.41935483870968,4,2.41935483870968,0.201612903225806,0.201612903225806
"166","LO24.26.2017",11,"4.26.2017",0.65625,5.1875,10.4625,17.4,"269","","LO2","open","bloom","11:32",224,"10",3,0,3,0,"",6,"1:02:02",2018-04-17 01:02:02,1.03388888888889,5.80333154218162,6,5.80333154218162,0.527575594743784,0.527575594743784
"167","LO34.26.2017",8,"4.26.2017",0.65625,5.1875,10.4625,17.4,"270","","LO3","open","bloom","11:40",146,"9",3,0,2,0,"",1,"1:13:37",2018-04-17 01:13:37,1.22694444444444,0.815032827711116,1,0.815032827711116,0.10187910346389,0.10187910346389
"168","LO44.26.2017",10,"4.26.2017",0.65625,5.1875,10.4625,17.4,"288","","LO4","open","bloom","11:54",260,"9",4,0,3,0,"",4,"1:22:24",2018-04-17 01:22:24,1.37333333333333,2.9126213592233,5,3.64077669902913,0.29126213592233,0.364077669902913
"169","LO54.26.2017",13,"4.26.2017",0.65625,5.1875,10.4625,17.4,"286","","LO5","open","bloom","12:02",145,"13",0,0,1,0,"",2,"1:20:33",2018-04-17 01:20:33,1.3425,1.48975791433892,3,2.23463687150838,0.114596762641455,0.171895143962183
"170","LO64.26.2017",NA,"4.26.2017",0.65625,5.1875,10.4625,17.4,"190","","LO6","open","bloom","12:02",399,"8",3,0,2,2,"",0,"1:26:49",2018-04-17 01:26:49,1.44694444444444,0,0,0,0,0
"171","LS14.26.2017",11,"4.26.2017",0.65625,5.1875,10.4625,17.4,"114","","LS1","shrub","bloom","11:20",302,"11",3,1,1,0,"",3,"1:35:20",2018-04-17 01:35:20,1.58888888888889,1.88811188811189,3,1.88811188811189,0.171646535282899,0.171646535282899
"172","LS24.26.2017",NA,"4.26.2017",0.65625,5.1875,10.4625,17.4,"269","","LS2","shrub","bloom","11:32",224,"10",4,0,3,0,"",0,"1:37:48",2018-04-17 01:37:48,1.63,0,0,0,0,0
"173","LS34.26.2017",NA,"4.26.2017",0.65625,5.1875,10.4625,17.4,"270","","LS3","shrub","bloom","11:40",146,"9",2,0,2,0,"",0,"0:40:58",2018-04-17 00:40:58,0.682777777777778,0,0,0,0,0
"174","LS44.26.2017",NA,"4.26.2017",0.65625,5.1875,10.4625,17.4,"288","","LS4","shrub","bloom","11:54",260,"9",0,0,2,0,"",0,"1:33:03",2018-04-17 01:33:03,1.55083333333333,0,0,0,0,0
"175","LS54.26.2017",NA,"4.26.2017",0.65625,5.1875,10.4625,17.4,"286","","LS5","shrub","bloom","12:02",145,"13",2,0,2,0,"",0,"1:18:03",2018-04-17 01:18:03,1.30083333333333,0,0,0,0,0
"176","LS64.26.2017",8,"4.26.2017",0.65625,5.1875,10.4625,17.4,"190","","LS6","shrub","bloom","12:02",399,"8",0,0,2,0,"",2,"1:43:55",2018-04-17 01:43:55,1.73194444444444,1.15477145148356,2,1.15477145148356,0.144346431435445,0.144346431435445
"177","LO14.27.2017",11,"4.27.2017",0.66,4.125,9.2375,17.3625,"104","","LO1","open","bloom","11:30",189,"10",2,0,2,0,"",7,"1:39:59",2018-04-17 01:39:59,1.66638888888889,4.20070011668611,10,6.00100016669445,0.381881828789647,0.545545469699495
"178","LO24.27.2017",NA,"4.27.2017",0.66,4.125,9.2375,17.3625,"265","","LO2","open","bloom","11:41",332,"12",8,0,1,0,"",0,"1:35:18",2018-04-17 01:35:18,1.58833333333333,0,0,0,0,0
"179","LO44.27.2017",10,"4.27.2017",0.66,4.125,9.2375,17.3625,"272","","LO4","open","bloom","12:10",255,"10",4,0,2,1,"",1,"1:42:14",2018-04-17 01:42:14,1.70388888888889,0.58689272905119,1,0.58689272905119,0.058689272905119,0.058689272905119
"180","LO34.27.2017",11,"4.27.2017",0.66,4.125,9.2375,17.3625,"268","","LO3","open","bloom","11:57",303,"10",5,0,2,0,"",1,"1:13:39",2018-04-17 01:13:39,1.2275,0.814663951120163,2,1.62932790224033,0.0740603591927421,0.148120718385484
"181","LO54.27.2017",17,"4.27.2017",0.66,4.125,9.2375,17.3625,"181","","LO5","open","bloom","12:22",201,"16",3,0,3,1,"",4,"1:40:14",2018-04-17 01:40:14,1.67055555555556,2.39441303624875,5,2.99301629531094,0.140847825661691,0.176059782077114
"182","LO64.27.2017",15,"4.27.2017",0.66,4.125,9.2375,17.3625,"186","","LO6","open","bloom","12:29",151,"14",6,0,1,2,"",3,"1:30:08",2018-04-17 01:30:08,1.50222222222222,1.99704142011834,5,3.32840236686391,0.133136094674556,0.22189349112426
"183","LS24.27.2017",NA,"4.27.2017",0.66,4.125,9.2375,17.3625,"265","","LS2","shrub","bloom","11:41",332,"12",8,0,3,0,"",0,"1:20:00",2018-04-17 01:20:00,1.33333333333333,0,0,0,0,0
"184","LS34.27.2017",10,"4.27.2017",0.66,4.125,9.2375,17.3625,"268","","LS3","shrub","bloom","11:57",303,"10",6,0,2,1,"",1,"1:34:54",2018-04-17 01:34:54,1.58166666666667,0.632244467860906,1,0.632244467860906,0.0632244467860906,0.0632244467860906
"185","LS44.27.2017",9,"4.27.2017",0.66,4.125,9.2375,17.3625,"272","","LS4","shrub","bloom","12:10",255,"10",6,0,3,0,"",1,"1:36:00",2018-04-17 01:36:00,1.6,0.625,2,1.25,0.0694444444444444,0.138888888888889
"186","LS14.27.2017",10,"4.27.2017",0.66,4.125,9.2375,17.3625,"104","","LS1","shrub","bloom","11:30",189,"10",4,0,2,0,"",2,"1:34:26",2018-04-17 01:34:26,1.57388888888889,1.27073773385104,3,1.90610660077656,0.127073773385104,0.190610660077656
"187","LS54.27.2017",15,"4.27.2017",0.66,4.125,9.2375,17.3625,"181","","LS5","shrub","bloom","12:22",201,"16",6,0,3,2,"",8,"1:16:51",2018-04-17 01:16:51,1.28083333333333,6.24593363695511,13,10.149642160052,0.416395575797007,0.676642810670137
"188","LS64.27.2017",13,"4.27.2017",0.66,4.125,9.2375,17.3625,"186","","LS6","shrub","bloom","12:29",151,"14",8,0,3,0,"",5,"1:44:25",2018-04-17 01:44:25,1.74027777777778,2.8731045490822,6,3.44772545889864,0.221008042237093,0.265209650684511
"189","LO14.29.2017",9,"4.29.2017",0.8125,5,10.05,17.2625,"271","","LO1","open","bloom","13:40",270,"9",7,0,1,0,"",2,"1:40:30",2018-04-17 01:40:30,1.675,1.19402985074627,2,1.19402985074627,0.132669983416252,0.132669983416252
"190","LO24.29.2017",NA,"4.29.2017",0.8125,5,10.05,17.2625,"278","","LO2","open","bloom","13:49",338,"12",0,0,2,0,"",0,"1:32:33",2018-04-17 01:32:33,1.5425,0,0,0,0,0
"191","LO34.29.2017",7,"4.29.2017",0.8125,5,10.05,17.2625,"296","","LO3","open","bloom","13:58",483,"10",3,0,3,3,"",2,"1:30:33",2018-04-17 01:30:33,1.50916666666667,1.32523467697405,2,1.32523467697405,0.189319239567721,0.189319239567721
"192","LO44.29.2017",8,"4.29.2017",0.8125,5,10.05,17.2625,"184","","LO4","open","bloom","14:07",366,"8",1,0,2,0,"",2,"1:42:40",2018-04-17 01:42:40,1.71111111111111,1.16883116883117,2,1.16883116883117,0.146103896103896,0.146103896103896
"193","LO54.29.2017",10,"4.29.2017",0.8125,5,10.05,17.2625,"191","","LO5","open","bloom","14:13",322,"9",2,0,1,0,"",1,"1:40:45",2018-04-17 01:40:45,1.67916666666667,0.595533498759305,1,0.595533498759305,0.0595533498759305,0.0595533498759305
"194","LO64.29.2017",7,"4.29.2017",0.8125,5,10.05,17.2625,"199","","LO6","open","bloom","14:20",332,"7",0,0,3,0,"",1,"1:30:08",2018-04-17 01:30:08,1.50222222222222,0.665680473372781,1,0.665680473372781,0.0950972104818259,0.0950972104818259
"195","LS14.29.2017",9,"4.29.2017",0.8125,5,10.05,17.2625,"271","","LS1","shrub","bloom","13:40",270,"9",8,0,2,0,"",1,"1:36:57",2018-04-17 01:36:57,1.61583333333333,0.618875709128417,1,0.618875709128417,0.0687639676809352,0.0687639676809352
"196","LS24.29.2017",NA,"4.29.2017",0.8125,5,10.05,17.2625,"278","","LS2","shrub","bloom","13:49",338,"12",3,0,3,1,"",0,"1:38:59",2018-04-17 01:38:59,1.64972222222222,0,0,0,0,0
"197","LS34.29.2017",10,"4.29.2017",0.8125,5,10.05,17.2625,"296","","LS3","shrub","bloom","13:58",483,"10",3,0,2,1,"",1,"1:34:51",2018-04-17 01:34:51,1.58083333333333,0.632577754348972,1,0.632577754348972,0.0632577754348972,0.0632577754348972
"198","LS44.29.2017",NA,"4.29.2017",0.8125,5,10.05,17.2625,"184","","LS4","shrub","bloom","14:07",366,"8",8,1,2,1,"",0,"1:36:37",2018-04-17 01:36:37,1.61027777777778,0,0,0,0,0
"199","LS54.29.2017",NA,"4.29.2017",0.8125,5,10.05,17.2625,"191","","LS5","shrub","bloom","14:13",322,"9",4,0,2,0,"",0,"1:38:52",2018-04-17 01:38:52,1.64777777777778,0,0,0,0,0
"200","LS64.29.2017",7,"4.29.2017",0.8125,5,10.05,17.2625,"199","","LS6","shrub","bloom","14:20",332,"7",1,0,3,0,"",1,"1:25:40",2018-04-17 01:25:40,1.42777777777778,0.700389105058366,1,0.700389105058366,0.100055586436909,0.100055586436909
"201","LO14.30.2017",10,"4.30.2017",0.80875,4.7875,9.3375,17.525,"263","","LO1","open","bloom","10:48",260,"10",3,0,4,1,"",8,"1:29:17",2018-04-17 01:29:17,1.48805555555556,5.37614336382304,9,6.04816128430091,0.537614336382304,0.604816128430091
"202","LO24.30.2017",10,"4.30.2017",0.80875,4.7875,9.3375,17.525,"274","","LO2","open","bloom","10:57",406,"14",4,1,2,0,"",10,"1:34:41",2018-04-17 01:34:41,1.57805555555556,6.33691251540222,14,8.87167752156311,0.633691251540222,0.88716775215631
"203","LO34.30.2017",6,"4.30.2017",0.80875,4.7875,9.3375,17.525,"285","","LO3","open","bloom","11:02",152,"6",0,1,3,3,"",1,"1:26:01",2018-04-17 01:26:01,1.43361111111111,0.697539236582058,1,0.697539236582058,0.116256539430343,0.116256539430343
"204","LO44.30.2017",9,"4.30.2017",0.80875,4.7875,9.3375,17.525,"290","","LO4","open","bloom","11:10",118,"8",1,0,2,0,"",3,"1:40:11",2018-04-17 01:40:11,1.66972222222222,1.79670603892863,7,4.19231409083347,0.199634004325403,0.465812676759275
"205","LO54.30.2017",15,"4.30.2017",0.80875,4.7875,9.3375,17.525,"187","","LO5","open","bloom","11:17",264,"16",1,0,1,0,"",8,"1:39:19",2018-04-17 01:39:19,1.65527777777778,4.8330256754489,19,11.4784359791911,0.322201711696593,0.765229065279409
"206","LO64.30.2017",9,"4.30.2017",0.80875,4.7875,9.3375,17.525,"183","","LO6","open","bloom","11:26",709,"8",7,0,2,0,"",2,"1:29:41",2018-04-17 01:29:41,1.49472222222222,1.33804125627207,2,1.33804125627207,0.148671250696896,0.148671250696896
"207","LS14.30.2017",9,"4.30.2017",0.80875,4.7875,9.3375,17.525,"263","","LS1","shrub","bloom","10:48",260,"10",3,0,2,2,"",1,"1:35:30",2018-04-17 01:35:30,1.59166666666667,0.628272251308901,1,0.628272251308901,0.0698080279232112,0.0698080279232112
"208","LS24.30.2017",12,"4.30.2017",0.80875,4.7875,9.3375,17.525,"274","","LS2","shrub","bloom","10:57",406,"14",7,1,3,0,"",4,"1:37:28",2018-04-17 01:37:28,1.62444444444444,2.46238030095759,4,2.46238030095759,0.205198358413133,0.205198358413133
"209","LS34.30.2017",6,"4.30.2017",0.80875,4.7875,9.3375,17.525,"285","","LS3","shrub","bloom","11:02",152,"6",3,1,2,1,"",2,"1:33:39",2018-04-17 01:33:39,1.56083333333333,1.28136679124399,2,1.28136679124399,0.213561131873999,0.213561131873999
"210","LS44.30.2017",8,"4.30.2017",0.80875,4.7875,9.3375,17.525,"290","","LS4","shrub","bloom","11:10",118,"8",5,0,2,0,"",2,"1:35:06",2018-04-17 01:35:06,1.585,1.26182965299685,2,1.26182965299685,0.157728706624606,0.157728706624606
"211","LS54.30.2017",16,"4.30.2017",0.80875,4.7875,9.3375,17.525,"187","","LS5","shrub","bloom","11:17",264,"16",2,1,2,0,"",1,"1:37:23",2018-04-17 01:37:23,1.62305555555556,0.616121855211364,1,0.616121855211364,0.0385076159507103,0.0385076159507103
"212","LS64.30.2017",10,"4.30.2017",0.80875,4.7875,9.3375,17.525,"183","","LS6","shrub","bloom","11:26",709,"8",2,0,2,0,"",4,"1:41:50",2018-04-17 01:41:50,1.69722222222222,2.35679214402619,4,2.35679214402619,0.235679214402619,0.235679214402619
"213","LO15.1.2017",NA,"5.1.2017",0.8025,5.1375,10.5125,17.4375,"261","","LO1","open","bloom","11:30",143,"8",10,0,2,0,"",0,"1:14:35",2018-04-17 01:14:35,1.24305555555556,0,0,0,0,0
"214","LO25.1.2017",NA,"5.1.2017",0.8025,5.1375,10.5125,17.4375,"273","","LO2","open","bloom","11:36",371,"7",5,0,2,0,"",0,"0:45:00",2018-04-17 00:45:00,0.75,0,0,0,0,0
"215","LO35.1.2017",8,"5.1.2017",0.8025,5.1375,10.5125,17.4375,"280","","LO3","open","bloom","11:42",535,"10",3,1,3,0,"",3,"1:28:49",2018-04-17 01:28:49,1.48027777777778,2.02664665040345,3,2.02664665040345,0.253330831300432,0.253330831300432
"216","LO45.1.2017",NA,"5.1.2017",0.8025,5.1375,10.5125,17.4375,"283","","LO4","open","bloom","11:53",1080,"10",3,0,2,0,"",0,"1:23:01",2018-04-17 01:23:01,1.38361111111111,0,0,0,0,0
"217","LO55.1.2017",10,"5.1.2017",0.8025,5.1375,10.5125,17.4375,"291","","LO5","open","bloom","12:06",728,"10",3,0,2,0,"",1,"1:39:11",2018-04-17 01:39:11,1.65305555555556,0.604940346160309,1,0.604940346160309,0.0604940346160309,0.0604940346160309
"218","LO65.1.2017",NA,"5.1.2017",0.8025,5.1375,10.5125,17.4375,"198","","LO6","open","bloom","",430,"9",2,0,2,0,"",0,"1:19:26",2018-04-17 01:19:26,1.32388888888889,0,0,0,0,0
"219","LS15.1.2017",NA,"5.1.2017",0.8025,5.1375,10.5125,17.4375,"261","","LS1","shrub","bloom","11:30",143,"8",6,0,1,0,"",0,"1:17:53",2018-04-17 01:17:53,1.29805555555556,0,0,0,0,0
"220","LS25.1.2017",7,"5.1.2017",0.8025,5.1375,10.5125,17.4375,"273","","LS2","shrub","bloom","11:36",371,"7",4,0,3,0,"",2,"1:30:38",2018-04-17 01:30:38,1.51055555555556,1.32401618242001,2,1.32401618242001,0.189145168917144,0.189145168917144
"221","LS35.1.2017",7,"5.1.2017",0.8025,5.1375,10.5125,17.4375,"280","","LS3","shrub","bloom","11:42",535,"10",6,0,2,0,"",1,"1:13:09",2018-04-17 01:13:09,1.21916666666667,0.820232399179768,1,0.820232399179768,0.117176057025681,0.117176057025681
"222","LS45.1.2017",NA,"5.1.2017",0.8025,5.1375,10.5125,17.4375,"283","","LS4","shrub","bloom","11:53",1080,"10",3,0,2,0,"",0,"1:36:02",2018-04-17 01:36:02,1.60055555555556,0,0,0,0,0
"223","LS55.1.2017",12,"5.1.2017",0.8025,5.1375,10.5125,17.4375,"291","","LS5","shrub","bloom","12:06",728,"10",11,2,2,0,"",2,"1:27:50",2018-04-17 01:27:50,1.46388888888889,1.36622390891841,3,2.04933586337761,0.113851992409867,0.170777988614801
"224","LS65.1.2017",NA,"5.1.2017",0.8025,5.1375,10.5125,17.4375,"198","","LS6","shrub","bloom","",430,"9",2,0,3,2,"",0,"1:35:17",2018-04-17 01:35:17,1.58805555555556,0,0,0,0,0
"225","LO15.2.2017",14,"5.2.2017",0.797142857142857,6.2,11.8,16.2,"281","","LO1","open","bloom","11:31",307,"17",4,0,3,0,"",14,"1:38:08",2018-04-17 01:38:08,1.63555555555556,8.55978260869565,22,13.4510869565217,0.611413043478261,0.960791925465838
"226","LO25.2.2017",NA,"5.2.2017",0.797142857142857,6.2,11.8,16.2,"185","","LO2","open","bloom","11:37",179,"11",4,0,2,0,"",0,"0:45:00",2018-04-17 00:45:00,0.75,0,0,0,0,0
"227","LO35.2.2017",14,"5.2.2017",0.797142857142857,6.2,11.8,16.2,"193","","LO3","open","bloom","11:42",218,"13",7,2,2,0,"",12,"1:28:18",2018-04-17 01:28:18,1.47166666666667,8.15402038505096,17,11.5515288788222,0.58243002750364,0.825109205630157
"228","LO55.2.2017",14,"5.2.2017",0.797142857142857,6.2,11.8,16.2,"300","","LO5","open","bloom","11:59",238,"15",1,8,2,0,"",2,"1:37:09",2018-04-17 01:37:09,1.61916666666667,1.23520329387545,2,1.23520329387545,0.0882288067053893,0.0882288067053893
"229","LO65.2.2017",12,"5.2.2017",0.797142857142857,6.2,11.8,16.2,"302","","LO6","open","bloom","12:10",735,"11",2,0,3,0,"",3,"1:24:12",2018-04-17 01:24:12,1.40333333333333,2.13776722090261,3,2.13776722090261,0.178147268408551,0.178147268408551
"230","LS15.2.2017",14,"5.2.2017",0.797142857142857,6.2,11.8,16.2,"281","","LS1","shrub","bloom","11:31",307,"17",4,0,1,0,"",2,"1:32:17",2018-04-17 01:32:17,1.53805555555556,1.300343146108,2,1.300343146108,0.0928816532934286,0.0928816532934286
"231","LS25.2.2017",11,"5.2.2017",0.797142857142857,6.2,11.8,16.2,"185","","LS2","shrub","bloom","11:37",179,"11",6,0,2,0,"",2,"1:35:36",2018-04-17 01:35:36,1.59333333333333,1.25523012552301,3,1.88284518828452,0.114111829593001,0.171167744389502
"232","LS35.2.2017",11,"5.2.2017",0.797142857142857,6.2,11.8,16.2,"193","","LS3","shrub","bloom","11:42",218,"13",9,1,3,1,"",1,"1:30:14",2018-04-17 01:30:14,1.50388888888889,0.664942741041744,1,0.664942741041744,0.060449340094704,0.060449340094704
"233","LS45.2.2017",10,"5.2.2017",0.797142857142857,6.2,11.8,16.2,"198","","LS4","shrub","bloom","11:52",369,"10",2,0,3,1,"",3,"1:15:05",2018-04-17 01:15:05,1.25138888888889,2.39733629300777,3,2.39733629300777,0.239733629300777,0.239733629300777
"234","LS55.2.2017",15,"5.2.2017",0.797142857142857,6.2,11.8,16.2,"300","","LS5","shrub","bloom","11:59",238,"15",1,0,3,0,"",4,"1:34:33",2018-04-17 01:34:33,1.57583333333333,2.53833950290851,4,2.53833950290851,0.169222633527234,0.169222633527234
"235","LS65.2.2017",10,"5.2.2017",0.797142857142857,6.2,11.8,16.2,"302","","LS6","shrub","bloom","12:10",735,"11",15,0,2,0,"",6,"1:41:37",2018-04-17 01:41:37,1.69361111111111,3.54272593078563,6,3.54272593078563,0.354272593078563,0.354272593078563
