"","uniID","mean.visit.length","mean.fl.visits.per.visit","mean.un.visits.per.visit","PlantID","SecondaryID","Cam","treatment","flowering","Date","TimeOut","flowers.shrub","flowers.pot","het.shrub.blooming.neighbours","het.cactus.blooming.neighbours","understory.richness","het.annual.floral.density","understory.assoc","total.visits","Length","pos.Length","dec.Length","visits.per.hour","t.group","mean.fl.visits.per.hour","mean.un.visits.per.hour"
"1","LO14.10.2017",0.03525,2,1.95,"146","","LO1","open","pre","4.10.2017","13:06",0,9,0,0,5,0,"NO",20,"1:22:51",2018-03-09 01:22:51,1.38083333333333,14.4840072420036,"open pre",1.44840072420036,1.41219070609535
"2","LS14.10.2017",0.08175,1.3,1.2,"146","","LS1","shrub","pre","4.10.2017","13:06",0,2,0,0,3,1,"NO",10,"1:37:04",2018-03-09 01:37:04,1.61777777777778,6.18131868131868,"shrub pre",0.803571428571429,0.741758241758242
"3","LO24.10.2017",0.0414814814814815,1.375,1.20833333333333,"193","","LO2","open","pre","4.10.2017","13:08",0,14,0,0,3,1,"NO",24,"1:30:48",2018-03-09 01:30:48,1.51333333333333,15.8590308370044,"open pre",0.908590308370044,0.798458149779736
"4","LS24.10.2017",0.0202777777777778,1.125,1.125,"193","","LS2","shrub","pre","4.10.2017","13:08",0,3,0,0,4,0,"NO",8,"1:40:22",2018-03-09 01:40:22,1.67277777777778,4.78246429757556,"shrub pre",0.672534041846563,0.672534041846563
"5","LO34.10.2017",NA,1.36363636363636,1.36363636363636,"187","","LO3","open","pre","4.10.2017","13:13",0,3,0,0,4,19,"NO",11,"0:52:39",2018-03-09 00:52:39,0.8775,12.5356125356125,"open pre",1.55400155400155,1.55400155400155
"6","LS34.10.2017",0.0130555555555556,1,1,"187","","LS3","shrub","pre","4.10.2017","13:13",0,6,0,0,4,2,"NO",5,"0:43:00",2018-03-09 00:43:00,0.716666666666667,6.97674418604651,"shrub pre",1.3953488372093,1.3953488372093
"7","LO44.10.2017",0.0306313131313131,1,1,"288","","LO4","open","pre","4.10.2017","13:17",0,13,1,0,3,0,"NO",11,"0:39:39",2018-03-09 00:39:39,0.660833333333333,16.6456494325347,"open pre",1.51324085750315,1.51324085750315
"8","LS44.10.2017",0.0206944444444444,1,1,"288","","LS4","shrub","pre","4.10.2017","13:17",0,14,1,0,3,0,"NO",4,"0:45:38",2018-03-09 00:45:38,0.760555555555556,5.25931336742148,"shrub pre",1.31482834185537,1.31482834185537
"9","LS54.10.2017",0.0818518518518518,1.33333333333333,1.33333333333333,"266","","LS5","shrub","pre","4.10.2017","13:27",0,11,0,0,2,0,"NO",3,"0:47:32",2018-03-09 00:47:32,0.792222222222222,3.78681626928471,"shrub pre",1.68302945301543,1.68302945301543
"10","LO64.10.2017",0.0525757575757576,1.45454545454545,1.45454545454545,"273","","LO6","open","pre","4.10.2017","13:22",0,1,2,0,2,0,"NO",11,"0:58:29",2018-03-09 00:58:29,0.974722222222222,11.2852664576803,"open pre",1.4922666390321,1.4922666390321
"11","LS64.10.2017",0.0533333333333333,1,1,"273","","LS6","shrub","pre","4.10.2017","13:22",0,1,2,0,3,3,"NO",5,"1:17:59",2018-03-09 01:17:59,1.29972222222222,3.8469758495405,"shrub pre",0.7693951699081,0.7693951699081
"12","LO14.11.2017",0.00597222222222222,1.25,1.25,"265","","LO1","open","pre","4.11.2017","13:26",0,2,4,0,3,0,"NO",8,"1:34:53",2018-03-09 01:34:53,1.58138888888889,5.05884419462498,"open pre",0.790444405410153,0.790444405410153
"13","LO34.11.2017",NA,NA,NA,"289","","LO3","open","pre","4.11.2017","13:16",0,13,0,0,2,1,"NO",0,"0:56:10",2018-03-09 00:56:10,0.936111111111111,0,"open pre",NA,NA
"14","LO44.11.2017",0.00194444444444444,1.5,1.5,"191","","LO4","open","pre","4.11.2017","13:12",0,2,0,0,2,0,"NO",2,"0:43:38",2018-03-09 00:43:38,0.727222222222222,2.7501909854851,"open pre",2.06264323911383,2.06264323911383
"15","LO54.11.2017",0.00555555555555556,1,1,"196","","LO5","open","pre","4.11.2017","13:05",2,14,0,0,3,12,"NO",6,"1:15:43",2018-03-09 01:15:43,1.26194444444444,4.75456746643187,"open pre",0.792427911071979,0.792427911071979
"16","LO64.11.2017",0.103131313131313,1.27272727272727,1.18181818181818,"194","","LO6","open","pre","4.11.2017","13:00",0,15,0,0,2,0,"NO",11,"1:16:46",2018-03-09 01:16:46,1.27944444444444,8.59748154580981,"open pre",0.994749930920144,0.923696364425848
"17","LS14.11.2017",0.256540404040404,1.27272727272727,1.27272727272727,"265","","LS1","shrub","pre","4.11.2017","13:26",0,15,4,0,3,1,"NO",11,"1:38:30",2018-03-09 01:38:30,1.64166666666667,6.7005076142132,"shrub pre",0.775265343793263,0.775265343793263
"18","LS24.11.2017",0.110611111111111,1.2,1,"275","","LS2","shrub","pre","4.11.2017","13:21",1,14,0,0,3,0,"NO",5,"1:42:01",2018-03-09 01:42:01,1.70027777777778,2.94069596471165,"shrub pre",0.705767031530796,0.58813919294233
"19","LS34.11.2017",0.00388888888888889,1,1,"289","","LS3","shrub","pre","4.11.2017","13:16",0,14,0,0,5,0,"ephedra",1,"0:31:34",2018-03-09 00:31:34,0.526111111111111,1.90073917634636,"shrub pre",1.90073917634636,1.90073917634636
"20","LS44.11.2017",0.0602777777777778,1,1,"191","","LS4","shrub","pre","4.11.2017","13:12",0,1,0,0,4,0,"NO",2,"0:57:04",2018-03-09 00:57:04,0.951111111111111,2.10280373831776,"shrub pre",1.05140186915888,1.05140186915888
"21","LS64.11.2017",0.034047619047619,1.85714285714286,1.57142857142857,"194","","LS6","shrub","pre","4.11.2017","13:00",0,1,0,0,3,2,"NO",7,"1:08:22",2018-03-09 01:08:22,1.13944444444444,6.14334470989761,"shrub pre",1.62986696385039,1.3791182001811
"22","LO14.12.2017",0.0575277777777778,2,1.7,"263","","LO1","open","pre","4.12.2017","12:37",0,13,0,0,2,0,"NO",10,"1:32:40",2018-03-09 01:32:40,1.54444444444444,6.47482014388489,"open pre",1.29496402877698,1.10071942446043
"23","LO24.12.2017",0.00643518518518519,1.16666666666667,1.16666666666667,"272","","LO2","open","pre","4.12.2017","12:42",0,15,0,0,2,2,"NO",6,"1:28:50",2018-03-09 01:28:50,1.48055555555556,4.05253283302064,"open pre",0.787992495309568,0.787992495309568
"24","LO34.12.2017",0.0548611111111111,2.16666666666667,2,"296","","LO3","open","pre","4.12.2017","12:28",1,12,0,0,1,0,"NO",6,"1:12:10",2018-03-09 01:12:10,1.20277777777778,4.98845265588915,"open pre",1.8013856812933,1.66281755196305
"25","LO44.12.2017",0.0875925925925926,1.33333333333333,1.33333333333333,"190","","LO4","open","pre","4.12.2017","12:33",0,4,0,0,3,1,"NO",6,"1:05:33",2018-03-09 01:05:33,1.0925,5.49199084668192,"open pre",1.22044241037376,1.22044241037376
"26","LO54.12.2017",0.0637654320987654,1.66666666666667,1.66666666666667,"189","","LO5","open","pre","4.12.2017","12:18",1,6,0,0,2,1,"NO",9,"1:17:13",2018-03-09 01:17:13,1.28694444444444,6.99330887114181,"open pre",1.29505719835959,1.29505719835959
"27","LO64.12.2017",0.0109722222222222,1,1,"293","","LO6","open","pre","4.12.2017","12:12",0,12,2,0,4,16,"NO",4,"1:18:33",2018-03-09 01:18:33,1.30916666666667,3.05537873965627,"open pre",0.763844684914068,0.763844684914068
"28","LS14.12.2017",0.129444444444444,1.5,1.5,"263","","LS1","shrub","pre","4.12.2017","12:37",0,12,0,0,2,0,"silver.cholla",2,"1:28:14",2018-03-09 01:28:14,1.47055555555556,1.36003022289384,"shrub pre",1.02002266717038,1.02002266717038
"29","LS24.12.2017",0.00333333333333333,2,2,"272","","LS2","shrub","pre","4.12.2017","12:42",0,15,1,0,3,3,"amb.sal, turp, acamp",2,"1:40:05",2018-03-09 01:40:05,1.66805555555556,1.19900083263947,"shrub pre",1.19900083263947,1.19900083263947
"30","LS34.12.2017",0.0160897435897436,1.23076923076923,1.23076923076923,"296","","LS3","shrub","pre","4.12.2017","12:28",1,12,1,0,3,24,"ephedra",13,"1:07:06",2018-03-09 01:07:06,1.11833333333333,11.6244411326379,"shrub pre",1.10053880545684,1.10053880545684
"31","LS44.12.2017",0.007,1.6,1.6,"190","","LS4","shrub","pre","4.12.2017","12:33",0,2,1,0,4,14,"NO",5,"0:56:18",2018-03-09 00:56:18,0.938333333333333,5.32859680284192,"shrub pre",1.70515097690941,1.70515097690941
"32","LS54.12.2017",0.0305555555555556,1.33333333333333,1.33333333333333,"189","","LS5","shrub","pre","4.12.2017","12:18",1,6,1,0,4,0,"NO",9,"1:05:49",2018-03-09 01:05:49,1.09694444444444,8.20460876171182,"shrub pre",1.21549759432768,1.21549759432768
"33","LS64.12.2017",0.111944444444444,1,1,"293","","LS6","shrub","pre","4.12.2017","12:12",0,13,1,0,3,0,"NO",2,"1:07:30",2018-03-09 01:07:30,1.125,1.77777777777778,"shrub pre",0.888888888888889,0.888888888888889
"34","LO14.13.2017",NA,1,1,"262","","LO1","open","pre","4.13.2017","11:12",0,13,2,0,3,0,"NO",20,"1:32:24",2018-03-09 01:32:24,1.54,12.987012987013,"open pre",0.649350649350649,0.649350649350649
"35","LO24.13.2017",0.0215972222222222,1,1,"180","","LO2","open","pre","4.13.2017","11:22",0,13,0,0,3,1,"NO",8,"1:32:33",2018-03-09 01:32:33,1.5425,5.18638573743922,"open pre",0.648298217179903,0.648298217179903
"36","LO34.13.2017",0.0121825396825397,1.14285714285714,1.14285714285714,"186","","LO3","open","pre","4.13.2017","11:39",0,13,1,0,4,2,"no",7,"1:02:41",2018-03-09 01:02:41,1.04472222222222,6.70034565275193,"open pre",1.09393398412276,1.09393398412276
"37","LO44.13.2017",0.0408496732026144,1.11764705882353,1.11764705882353,"192","","LO4","open","pre","4.13.2017","11:47",0,14,1,0,3,0,"no",17,"0:59:46",2018-03-09 00:59:46,0.996111111111111,17.0663692136085,"open pre",1.12201043272859,1.12201043272859
"38","LO54.13.2017",0.0200617283950617,1,1,"199","","LO5","open","pre","4.13.2017","12:03",1,2,0,0,2,0,"no",9,"1:16:44",2018-03-09 01:16:44,1.27888888888889,7.03735881841877,"open pre",0.781928757602085,0.781928757602085
"39","LO64.13.2017",0.0125925925925926,1,1,"300","","LO6","open","pre","4.13.2017","12:08",0,14,0,0,2,19,"no",3,"1:14:12",2018-03-09 01:14:12,1.23666666666667,2.42587601078167,"open pre",0.808625336927224,0.808625336927224
"40","LS14.13.2017",0.00461111111111111,1,1,"262","","LS1","shrub","pre","4.13.2017","11:12",0,13,2,0,2,0,"no",5,"1:37:21",2018-03-09 01:37:21,1.6225,3.08166409861325,"shrub pre",0.61633281972265,0.61633281972265
"41","LS24.13.2017",0.0609259259259259,1.33333333333333,1.33333333333333,"180","","LS2","shrub","pre","4.13.2017","11:22",0,13,2,0,4,1,"acamp",3,"1:42:07",2018-03-09 01:42:07,1.70194444444444,1.76268973396442,"shrub pre",0.783417659539742,0.783417659539742
"42","LS34.13.2017",0.02,1,1,"186","","LS3","shrub","pre","4.13.2017","11:39",0,13,2,0,4,14,"acamp",3,"1:01:54",2018-03-09 01:01:54,1.03166666666667,2.90791599353796,"shrub pre",0.969305331179321,0.969305331179321
"43","LS44.13.2017",0.0375,1,1,"192","","LS4","shrub","pre","4.13.2017","11:47",0,14,0,0,2,0,"no",1,"0:52:21",2018-03-09 00:52:21,0.8725,1.14613180515759,"shrub pre",1.14613180515759,1.14613180515759
"44","LS54.13.2017",0.0222883597883598,1.57142857142857,1.57142857142857,"199","","LS5","shrub","pre","4.13.2017","12:03",1,2,0,0,1,0,"no",21,"1:01:09",2018-03-09 01:01:09,1.01916666666667,20.6050695012265,"shrub pre",1.54187594907137,1.54187594907137
"45","LS64.13.2017",0.0141666666666667,1,1,"300","","LS6","shrub","pre","4.13.2017","12:08",0,14,0,0,2,7,"no",5,"1:05:26",2018-03-09 01:05:26,1.09055555555556,4.58481915435558,"shrub pre",0.916963830871116,0.916963830871116
"46","LO14.14.2017",0.0259114583333333,1.8125,1.5625,"268","","LO1","open","pre","4.14.2017","14:17",3,13,0,0,3,0,"no",32,"1:20:35",2018-03-09 01:20:35,1.34305555555556,23.8262668045502,"open pre",1.34953464322647,1.16339193381593
"47","LO24.14.2017",0.01125,1,1,"269","","LO2","open","pre","4.14.2017","14:22",1,15,0,0,1,0,"no",2,"1:15:42",2018-03-09 01:15:42,1.26166666666667,1.58520475561427,"open pre",0.792602377807133,0.792602377807133
"48","LO34.14.2017",0.360833333333333,1,1,"184","","LO3","open","pre","4.14.2017","14:32",1,1,0,0,2,0,"no",2,"1:06:14",2018-03-09 01:06:14,1.10388888888889,1.81177654755913,"open pre",0.905888273779567,0.905888273779567
"49","LO44.14.2017",0.0122222222222222,1.33333333333333,1.33333333333333,"188","","LO4","open","pre","4.14.2017","14:38",0,14,0,0,2,0,"no",3,"1:04:34",2018-03-09 01:04:34,1.07611111111111,2.787816210635,"open pre",1.23902942694889,1.23902942694889
"50","LO54.14.2017",NA,NA,NA,"197","","LO5","open","pre","4.14.2017","14:46",1,14,0,0,3,0,"no",0,"1:15:42",2018-03-09 01:15:42,1.26166666666667,0,"open pre",NA,NA
"51","LO64.14.2017",0.0704166666666667,1,1,"195","","LO6","open","pre","4.14.2017","14:51",1,6,1,0,2,0,"no",4,"1:14:39",2018-03-09 01:14:39,1.24416666666667,3.21500334896182,"open pre",0.803750837240455,0.803750837240455
"52","LS14.14.2017",0.0801960784313726,1,1,"268","","LS1","shrub","pre","4.14.2017","14:17",3,13,1,0,2,0,"ephedra",17,"1:19:24",2018-03-09 01:19:24,1.32333333333333,12.8463476070529,"shrub pre",0.755667506297229,0.755667506297229
"53","LS24.14.2017",0.010462962962963,1,1,"269","","LS2","shrub","pre","4.14.2017","14:22",1,15,2,0,1,0,"no",3,"1:42:53",2018-03-09 01:42:53,1.71472222222222,1.7495545115827,"shrub pre",0.583184837194233,0.583184837194233
"54","LS34.14.2017",0.0470833333333333,1.83333333333333,1.66666666666667,"184","","LS3","shrub","pre","4.14.2017","14:32",1,1,0,0,3,0,"no",6,"0:59:22",2018-03-09 00:59:22,0.989444444444444,6.06400898371701,"shrub pre",1.85289163391353,1.68444693992139
"55","LS44.14.2017",0.00951388888888889,1,1,"188","","LS4","shrub","pre","4.14.2017","14:38",0,14,1,0,2,0,"ephedra",4,"0:53:26",2018-03-09 00:53:26,0.890555555555556,4.49157829070493,"shrub pre",1.12289457267623,1.12289457267623
"56","LS54.14.2017",0.0580555555555556,2,2,"197","","LS5","shrub","pre","4.14.2017","14:46",1,14,0,0,1,0,"no",2,"0:32:53",2018-03-09 00:32:53,0.548055555555556,3.64926507856057,"shrub pre",3.64926507856057,3.64926507856057
"57","LS64.14.2017",0.0356481481481481,1,1,"195","","LS6","shrub","pre","4.14.2017","14:51",1,6,0,0,3,0,"acamp",3,"1:05:09",2018-03-09 01:05:09,1.08583333333333,2.76285495011512,"shrub pre",0.920951650038373,0.920951650038373
"58","LO14.15.2017",0.0338492063492064,1.14285714285714,1.14285714285714,"278","","LO1","open","pre","4.15.2017","12:42",0,3,0,0,3,2,"no",21,"1:34:38",2018-03-09 01:34:38,1.57722222222222,13.3145473758366,"open pre",0.724601217732602,0.724601217732602
"59","LO24.15.2017",0.0164285714285714,1,1,"280","","LO2","open","pre","4.15.2017","12:49",0,1,1,0,3,0,"no",14,"1:28:05",2018-03-09 01:28:05,1.46805555555556,9.5364238410596,"open pre",0.681173131504257,0.681173131504257
"60","LO34.15.2017",0.0134722222222222,1,1,"282","","LO3","open","pre","4.15.2017","13:05",0,12,0,0,2,0,"no",2,"1:05:22",2018-03-09 01:05:22,1.08944444444444,1.83579806221316,"open pre",0.917899031106578,0.917899031106578
"61","LO44.15.2017",0.0400555555555556,1.2,1.2,"294","","LO4","open","pre","4.15.2017","13:13",0,15,0,0,3,0,"no",5,"1:06:59",2018-03-09 01:06:59,1.11638888888889,4.47872605125653,"open pre",1.07489425230157,1.07489425230157
"62","LO54.15.2017",0.000277777777777778,1,1,"295","","LO5","open","pre","4.15.2017","13:20",0,12,0,0,2,4,"no",1,"1:15:33",2018-03-09 01:15:33,1.25916666666667,0.794176042356056,"open pre",0.794176042356056,0.794176042356056
"63","LO64.15.2017",0.0576111111111111,1.6,1.4,"299","","LO6","open","pre","4.15.2017","13:28",0,2,0,0,3,0,"no",5,"1:07:23",2018-03-09 01:07:23,1.12305555555556,4.45213950037101,"open pre",1.42468464011872,1.24659906010388
"64","LS14.15.2017",0.0316898148148148,1,1,"278","","LS1","shrub","pre","4.15.2017","12:42",0,3,0,0,3,0,"no",12,"1:36:25",2018-03-09 01:36:25,1.60694444444444,7.4675885911841,"shrub pre",0.622299049265341,0.622299049265341
"65","LS24.15.2017",0.0401851851851852,2,2,"280","","LS2","shrub","pre","4.15.2017","12:49",0,1,0,0,2,0,"ephedra",3,"1:38:29",2018-03-09 01:38:29,1.64138888888889,1.8277204264681,"shrub pre",1.21848028431207,1.21848028431207
"66","LS34.15.2017",0.00972222222222222,1,1,"282","","LS3","shrub","pre","4.15.2017","13:05",0,12,0,0,3,0,"no",2,"0:53:06",2018-03-09 00:53:06,0.885,2.25988700564972,"shrub pre",1.12994350282486,1.12994350282486
"67","LS44.15.2017",0.0224305555555556,1,1,"294","","LS4","shrub","pre","4.15.2017","13:13",0,15,0,0,3,4,"ephedra",4,"0:48:11",2018-03-09 00:48:11,0.803055555555556,4.98097544102387,"shrub pre",1.24524386025597,1.24524386025597
"68","LS54.15.2017",0.0110185185185185,1,1,"295","","LS5","shrub","pre","4.15.2017","13:20",0,12,0,0,4,2,"acamp",3,"1:02:53",2018-03-09 01:02:53,1.04805555555556,2.86244367877021,"shrub pre",0.954147892923403,0.954147892923403
"69","LS64.15.2017",0.0255555555555556,1,1,"299","","LS6","shrub","pre","4.15.2017","13:28",0,2,0,0,2,0,"acamp",5,"1:07:09",2018-03-09 01:07:09,1.11916666666667,4.46760982874162,"shrub pre",0.893521965748325,0.893521965748325
"70","LO14.16.2017",NA,1,1,"264","","LO1","open","pre","4.16.2017","11:50",1,3,0,0,1,0,"no",27,"1:35:35",2018-03-09 01:35:35,1.59305555555556,16.9485614646905,"open pre",0.627724498692241,0.627724498692241
"71","LO34.16.2017",0.0493686868686869,1,1,"286","","LO3","open","pre","4.16.2017","12:09",0,13,0,0,2,0,"no",11,"1:06:56",2018-03-09 01:06:56,1.11555555555556,9.8605577689243,"open pre",0.896414342629482,0.896414342629482
"72","LO44.16.2017",0.0649206349206349,1,1,"182","","LO4","open","pre","4.16.2017","12:15",3,13,0,0,2,7,"no",7,"1:02:46",2018-03-09 01:02:46,1.04611111111111,6.69144981412639,"open pre",0.955921402018056,0.955921402018056
"73","LO54.16.2017",NA,1,1,"185","","LO5","open","pre","4.16.2017","12:21",0,3,1,0,4,0,"no",30,"1:15:05",2018-03-09 01:15:05,1.25138888888889,23.9733629300777,"open pre",0.799112097669256,0.799112097669256
"74","LO64.16.2017",0.00550925925925926,1,1,"291","","LO6","open","pre","4.16.2017","12:29",1,12,0,0,2,1,"no",6,"1:04:23",2018-03-09 01:04:23,1.07305555555556,5.5915091897489,"open pre",0.931918198291483,0.931918198291483
"75","LS14.16.2017",0.0564814814814815,1.11111111111111,1.11111111111111,"264","","LS1","shrub","pre","4.16.2017","11:50",1,3,0,0,2,0,"acamp",9,"1:37:38",2018-03-09 01:37:38,1.62722222222222,5.53089791737794,"shrub pre",0.682826903379993,0.682826903379993
"76","LS24.16.2017",0.0728518518518518,1,1,"276","","LS2","shrub","pre","4.16.2017","12:04",3,12,0,0,2,1,"?",15,"1:41:53",2018-03-09 01:41:53,1.69805555555556,8.83363324063471,"shrub pre",0.588908882708981,0.588908882708981
"77","LS34.16.2017",0.00694444444444444,1,1,"286","","LS3","shrub","pre","4.16.2017","12:09",0,13,0,0,1,3,"ephedra",1,"0:58:50",2018-03-09 00:58:50,0.980555555555556,1.01983002832861,"shrub pre",1.01983002832861,1.01983002832861
"78","LS44.16.2017",0.0436111111111111,2,2,"182","","LS4","shrub","pre","4.16.2017","12:15",3,13,0,0,3,2,"no",1,"0:52:19",2018-03-09 00:52:19,0.871944444444444,1.14686205798025,"shrub pre",2.2937241159605,2.2937241159605
"79","LS54.16.2017",0.00138888888888889,1,1,"185","","LS5","shrub","pre","4.16.2017","12:21",0,3,1,0,4,0,"ephedra",1,"1:02:09",2018-03-09 01:02:09,1.03583333333333,0.965406275140788,"shrub pre",0.965406275140788,0.965406275140788
"80","LS64.16.2017",0.0820138888888889,1,1,"291","","LS6","shrub","pre","4.16.2017","12:29",1,12,2,0,2,1,"no",4,"1:06:43",2018-03-09 01:06:43,1.11194444444444,3.59730202348239,"shrub pre",0.899325505870597,0.899325505870597
"81","LO14.18.2017",0.222731481481482,1,1,"270","","LO1","open","pre","4.18.2017","12:47",5,13,1,0,2,0,"",6,"1:18:13",2018-03-09 01:18:13,1.30361111111111,4.60259961645003,"open pre",0.767099936075005,0.767099936075005
"82","LO24.18.2017",0.00166666666666667,1,1,"271","","LO2","open","pre","4.18.2017","12:53",0,3,0,0,2,0,"",1,"1:28:13",2018-03-09 01:28:13,1.47027777777778,0.680143585868128,"open pre",0.680143585868128,0.680143585868128
"83","LO34.18.2017",0.0822222222222222,1,1,"283","","LO3","open","pre","4.18.2017","13:01",0,15,0,0,1,0,"",1,"1:04:58",2018-03-09 01:04:58,1.08277777777778,0.923550538737814,"open pre",0.923550538737814,0.923550538737814
"84","LO44.18.2017",0.0377777777777778,1,1,"290","","LO4","open","pre","4.18.2017","13:09",5,1,0,0,3,0,"",3,"0:54:38",2018-03-09 00:54:38,0.910555555555556,3.29469188529591,"open pre",1.09823062843197,1.09823062843197
"85","LO54.18.2017",0.000277777777777778,1,1,"297","","LO5","open","pre","4.18.2017","13:17",2,15,0,0,3,0,"",1,"1:14:35",2018-03-09 01:14:35,1.24305555555556,0.804469273743017,"open pre",0.804469273743017,0.804469273743017
"86","LO64.18.2017",NA,NA,NA,"298","","LO6","open","pre","4.18.2017","13:16",5,15,0,0,2,0,"",0,"0:40:17",2018-03-09 00:40:17,0.671388888888889,0,"open pre",NA,NA
"87","LS14.18.2017",0.0169791666666667,1,1,"270","","LS1","shrub","pre","4.18.2017","12:47",5,13,0,0,3,0,"",8,"1:36:20",2018-03-09 01:36:20,1.60555555555556,4.98269896193772,"shrub pre",0.622837370242215,0.622837370242215
"88","LS24.18.2017",0.0989236111111111,1,1,"271","","LS2","shrub","pre","4.18.2017","12:53",0,3,0,0,3,0,"",8,"1:40:29",2018-03-09 01:40:29,1.67472222222222,4.77691159396251,"shrub pre",0.597113949245314,0.597113949245314
"89","LS34.18.2017",0.00527777777777778,1,1,"283","","LS3","shrub","pre","4.18.2017","13:01",0,15,0,0,2,0,"",2,"0:41:49",2018-03-09 00:41:49,0.696944444444444,2.86966919091271,"shrub pre",1.43483459545636,1.43483459545636
"90","LS44.18.2017",NA,NA,NA,"290","","LS4","shrub","pre","4.18.2017","13:09",5,1,0,0,3,0,"",0,"0:52:06",2018-03-09 00:52:06,0.868333333333333,0,"shrub pre",NA,NA
"91","LS54.18.2017",NA,NA,NA,"297","","LS5","shrub","pre","4.18.2017","13:17",2,15,0,0,1,0,"",0,"0:39:42",2018-03-09 00:39:42,0.661666666666667,0,"shrub pre",NA,NA
"92","LS64.18.2017",0.00208333333333333,1,1,"298","","LS6","shrub","pre","4.18.2017","13:16",5,15,0,0,2,0,"yucca",2,"1:07:51",2018-03-09 01:07:51,1.13083333333333,1.76860722181282,"shrub pre",0.884303610906411,0.884303610906411
"93","LO14.19.2017",0.217740740740741,1.13333333333333,1.13333333333333,"114","","LO1","open","pre","4.19.2017","12:15",2,4,1,0,1,0,"",15,"1:35:48",2018-03-09 01:35:48,1.59666666666667,9.39457202505219,"open pre",0.709812108559499,0.709812108559499
"94","LO24.19.2017",0.259236111111111,1,1,"274","","LO2","open","pre","4.19.2017","12:11",1,3,0,0,2,0,"",4,"1:14:08",2018-03-09 01:14:08,1.23555555555556,3.23741007194245,"open pre",0.809352517985612,0.809352517985612
"95","LO34.19.2017",0.0602777777777778,1,1,"281","","LO3","open","pre","4.19.2017","12:09",2,11,0,0,1,0,"",4,"1:02:41",2018-03-09 01:02:41,1.04472222222222,3.82876894442967,"open pre",0.957192236107418,0.957192236107418
"96","LO44.19.2017",0.184722222222222,1,1,"198","","LO4","open","pre","4.19.2017","12:06",1,2,0,0,4,0,"",1,"0:52:42",2018-03-09 00:52:42,0.878333333333333,1.13851992409867,"open pre",1.13851992409867,1.13851992409867
"97","LO54.19.2017",0.22533950617284,1,1,"181","","LO5","open","pre","4.19.2017","12:04",3,3,1,0,2,0,"",9,"1:15:02",2018-03-09 01:15:02,1.25055555555556,7.1968014215904,"open pre",0.799644602398934,0.799644602398934
"98","LO64.19.2017",NA,NA,NA,"183","","LO6","open","pre","4.19.2017","12:02",0,15,1,0,3,0,"",0,"1:00:39",2018-03-09 01:00:39,1.01083333333333,0,"open pre",NA,NA
"99","LS14.19.2017",0.522430555555556,1,1,"114","","LS1","shrub","pre","4.19.2017","12:15",2,4,1,0,2,0,"",4,"1:20:17",2018-03-09 01:20:17,1.33805555555556,2.98941249740502,"shrub pre",0.747353124351256,0.747353124351256
"100","LS24.19.2017",0.0822685185185185,1,1,"274","","LS2","shrub","pre","4.19.2017","12:11",1,3,0,0,3,1,"",12,"1:34:05",2018-03-09 01:34:05,1.56805555555556,7.65279007971656,"shrub pre",0.637732506643047,0.637732506643047
"101","LS34.19.2017",0.0733333333333333,1,1,"281","","LS3","shrub","pre","4.19.2017","12:09",2,11,0,0,1,0,"",1,"0:56:58",2018-03-09 00:56:58,0.949444444444444,1.05324751316559,"shrub pre",1.05324751316559,1.05324751316559
"102","LS44.19.2017",0.0353703703703704,1,1,"198","","LS4","shrub","pre","4.19.2017","12:06",1,2,0,0,3,0,"ephedra",3,"0:57:07",2018-03-09 00:57:07,0.951944444444444,3.15144441202218,"shrub pre",1.05048147067406,1.05048147067406
"103","LS54.19.2017",0.435833333333333,1,1,"181","","LS5","shrub","pre","4.19.2017","12:04",3,3,1,0,3,0,"",4,"1:01:25",2018-03-09 01:01:25,1.02361111111111,3.90773405698779,"shrub pre",0.976933514246947,0.976933514246947
"104","LS64.19.2017",0.036025641025641,1,1,"183","","LS6","shrub","pre","4.19.2017","12:02",0,15,1,0,3,0,"",13,"1:07:39",2018-03-09 01:07:39,1.1275,11.529933481153,"shrub pre",0.886917960088692,0.886917960088692
"105","LO14.20.2017",NA,NA,NA,"104","","LO1","open","pre","4.20.2017","12:37",4,2,2,0,3,0,"",0,"1:36:11",2018-03-09 01:36:11,1.60305555555556,0,"open pre",NA,NA
"106","LO24.20.2017",1.37972222222222,1,1,"261","","LO2","open","pre","4.20.2017","12:33",1,3,2,0,2,0,"",2,"1:25:03",2018-03-09 01:25:03,1.4175,1.41093474426808,"open pre",0.705467372134039,0.705467372134039
"107","LO34.20.2017",0.00402777777777778,1,1,"301","","LO3","open","pre","4.20.2017","12:27",5,14,2,0,3,1,"",2,"1:02:54",2018-03-09 01:02:54,1.04833333333333,1.90779014308426,"open pre",0.95389507154213,0.95389507154213
"108","LO44.20.2017",NA,NA,NA,"285","","LO4","open","pre","4.20.2017","12:29",4,1,0,1,3,0,"",0,"1:10:30",2018-03-09 01:10:30,1.175,0,"open pre",NA,NA
"109","LO54.20.2017",0.04625,1,1,"302","","LO5","open","pre","4.20.2017","12:16",3,13,0,0,1,0,"",2,"1:15:10",2018-03-09 01:15:10,1.25277777777778,1.59645232815965,"open pre",0.798226164079823,0.798226164079823
"110","LO64.20.2017",0.108545751633987,1,1,"303","","LO6","open","pre","4.20.2017","12:24",2,7,2,0,1,0,"",17,"1:09:43",2018-03-09 01:09:43,1.16194444444444,14.6306478603873,"open pre",0.860626344728664,0.860626344728664
"111","LS14.20.2017",0.0327380952380952,1.14285714285714,1.14285714285714,"104","","LS1","shrub","pre","4.20.2017","12:37",4,2,2,0,2,0,"",7,"1:37:28",2018-03-09 01:37:28,1.62444444444444,4.30916552667579,"shrub pre",0.703537228845026,0.703537228845026
"112","LS24.20.2017",0.0105769230769231,1,1,"261","","LS2","shrub","pre","4.20.2017","12:33",1,3,1,0,4,0,"",13,"1:42:25",2018-03-09 01:42:25,1.70694444444444,7.61594792514239,"shrub pre",0.585842148087876,0.585842148087876
"113","LS34.20.2017",0.08,1,1,"301","","LS3","shrub","pre","4.20.2017","12:27",5,14,3,0,2,0,"acamp",2,"0:41:34",2018-03-09 00:41:34,0.692777777777778,2.8869286287089,"shrub pre",1.44346431435445,1.44346431435445
"114","LS44.20.2017",0.134444444444444,1,1,"285","","LS4","shrub","pre","4.20.2017","12:29",4,1,1,1,2,1,"acamp",2,"0:50:02",2018-03-09 00:50:02,0.833888888888889,2.39840106595603,"shrub pre",1.19920053297801,1.19920053297801
"115","LS54.20.2017",0.0120486111111111,1,1,"302","","LS5","shrub","pre","4.20.2017","13:56",3,13,1,0,1,0,"",8,"1:01:57",2018-03-09 01:01:57,1.0325,7.74818401937046,"shrub pre",0.968523002421308,0.968523002421308
"116","LS64.20.2017",0.0188888888888889,1,1,"303","","LS6","shrub","pre","4.20.2017","12:24",2,7,2,0,2,0,"",4,"1:09:35",2018-03-09 01:09:35,1.15972222222222,3.44910179640719,"shrub pre",0.862275449101796,0.862275449101796
"117","LS14.21.2017",0.00361111111111111,1,1,"276","","LS1","shrub","bloom","4.21.2017","14:26",328,4,3,0,2,0,"?",1,"1:33:05",2018-03-09 01:33:05,1.55138888888889,0.644583706356312,"shrub bloom",0.644583706356312,0.644583706356312
"118","LO14.21.2017",0.0174305555555556,1.375,1.25,"276","","LO1","open","bloom","4.21.2017","14:26",328,4,2,0,1,0,"",8,"1:38:40",2018-03-09 01:38:40,1.64444444444444,4.86486486486486,"open bloom",0.836148648648649,0.760135135135135
"119","LS24.21.2017",0.00435185185185185,1,1,"275","","LS2","shrub","bloom","4.21.2017","14:31",279,9,0,0,3,0,"",9,"1:38:11",2018-03-09 01:38:11,1.63638888888889,5.49991512476659,"shrub bloom",0.611101680529621,0.611101680529621
"120","LO24.21.2017",0.0122222222222222,1.5,1.5,"275","","LO2","open","bloom","4.21.2017","14:31",279,9,0,0,1,0,"",2,"1:30:36",2018-03-09 01:30:36,1.51,1.32450331125828,"open bloom",0.993377483443709,0.993377483443709
"121","LS34.21.2017",NA,NA,NA,"189","","LS3","shrub","bloom","4.21.2017","14:04",194,1,NA,NA,NA,NA,"",0,"1:15:19",2018-03-09 01:15:19,1.25527777777778,0,"shrub bloom",NA,NA
"122","LO34.21.2017",NA,NA,NA,"189","","LO3","open","bloom","4.21.2017","14:04",194,1,NA,NA,NA,NA,"",0,"0:55:44",2018-03-09 00:55:44,0.928888888888889,0,"open bloom",NA,NA
"123","LO44.21.2017",0.020462962962963,1,1,"182","","LO4","open","bloom","4.21.2017","14:10",110,13,NA,NA,NA,NA,"",6,"1:21:16",2018-03-09 01:21:16,1.35444444444444,4.4298605414274,"open bloom",0.7383100902379,0.7383100902379
"124","LS44.21.2017",0.0395833333333333,1.25,1.25,"182","","LS4","shrub","bloom","4.21.2017","14:10",110,13,NA,NA,NA,NA,"",4,"1:15:44",2018-03-09 01:15:44,1.26222222222222,3.16901408450704,"shrub bloom",0.990316901408451,0.990316901408451
"125","LO54.21.2017",0.0225,1.5,1.5,"180","","LO5","open","bloom","4.21.2017","14:14",384,15,4,0,3,9,"",4,"1:21:46",2018-03-09 01:21:46,1.36277777777778,2.93518141051773,"open bloom",1.10069302894415,1.10069302894415
"126","LS54.21.2017",0.00342592592592593,1,1,"180","","LS5","shrub","bloom","4.21.2017","14:14",384,15,4,0,1,0,"s.cholla",3,"1:34:46",2018-03-09 01:34:46,1.57944444444444,1.89940204009849,"shrub bloom",0.633134013366162,0.633134013366162
"127","LO64.21.2017",NA,NA,NA,"194","","LO6","open","bloom","4.21.2017","14:20",367,7,0,0,2,0,"",0,"1:12:48",2018-03-09 01:12:48,1.21333333333333,0,"open bloom",NA,NA
"128","LS64.21.2017",0.269722222222222,1,1,"194","","LS6","shrub","bloom","4.21.2017","14:20",367,7,1,0,2,0,"",1,"1:24:55",2018-03-09 01:24:55,1.41527777777778,0.70657507360157,"shrub bloom",0.70657507360157,0.70657507360157
"129","LO14.22.2017",0.0448888888888889,1.6,1.6,"289","","LO1","open","bloom","4.22.2017","13:02",255,15,1,0,3,0,"",5,"1:18:11",2018-03-09 01:18:11,1.30305555555556,3.83713493924536,"open bloom",1.22788318055852,1.22788318055852
"130","LS14.22.2017",0.00875,1,1,"289","","LS1","shrub","bloom","4.22.2017","13:02",255,15,1,0,1,0,"",2,"1:11:42",2018-03-09 01:11:42,1.195,1.67364016736402,"shrub bloom",0.836820083682008,0.836820083682008
"131","LO24.22.2017",0.040952380952381,1.07142857142857,1.07142857142857,"146","","LO2","open","bloom","4.22.2017","13:25",216,15,0,0,2,0,"",14,"1:14:16",2018-03-09 01:14:16,1.23777777777778,11.310592459605,"open bloom",0.865606565786099,0.865606565786099
"132","LS24.22.2017",0.0307828282828283,1,1,"146","","LS2","shrub","bloom","4.22.2017","13:25",216,15,0,0,2,0,"",22,"1:19:04",2018-03-09 01:19:04,1.31777777777778,16.6947723440135,"shrub bloom",0.75885328836425,0.75885328836425
"133","LO34.22.2017",0.0104861111111111,1,1,"266","","LO3","open","bloom","4.22.2017","13:39",184,15,0,0,3,0,"",4,"1:14:07",2018-03-09 01:14:07,1.23527777777778,3.2381380706094,"open bloom",0.80953451765235,0.80953451765235
"134","LS34.22.2017",0.0200277777777778,1.2,1.2,"266","","LS3","shrub","bloom","4.22.2017","13:39",184,15,1,0,3,0,"",10,"1:02:03",2018-03-09 01:02:03,1.03416666666667,9.6696212731668,"shrub bloom",1.16035455278002,1.16035455278002
"135","LO44.22.2017",0.00972222222222222,1,1,"new1","","LO4","open","bloom","4.22.2017","13:47",530,1,0,0,2,0,"",4,"1:39:59",2018-03-09 01:39:59,1.66638888888889,2.40040006667778,"open bloom",0.600100016669445,0.600100016669445
"136","LS44.22.2017",0.0144047619047619,1.14285714285714,1.14285714285714,"new1","","LS4","shrub","bloom","4.22.2017","13:47",530,1,1,0,2,0,"",7,"1:15:40",2018-03-09 01:15:40,1.26111111111111,5.55066079295154,"shrub bloom",0.906230333543109,0.906230333543109
"137","LO54.22.2017",0.0394444444444444,1,1,"195","","LO5","open","bloom","4.22.2017","14:01",263,14,0,0,2,0,"",4,"1:18:33",2018-03-09 01:18:33,1.30916666666667,3.05537873965627,"open bloom",0.763844684914068,0.763844684914068
"138","LS54.22.2017",0.00671296296296296,1,1,"195","","LS5","shrub","bloom","4.22.2017","14:01",263,14,1,0,3,2,"",6,"1:25:42",2018-03-09 01:25:42,1.42833333333333,4.20070011668611,"shrub bloom",0.700116686114352,0.700116686114352
"139","LO64.22.2017",0.130138888888889,1,1,"197","","LO6","open","bloom","4.22.2017","13:55",141,14,0,0,2,0,"",2,"1:25:38",2018-03-09 01:25:38,1.42722222222222,1.40132347216816,"open bloom",0.700661736084079,0.700661736084079
"140","LS64.22.2017",0.0206481481481481,1,1,"197","","LS6","shrub","bloom","4.22.2017","13:55",141,14,0,0,2,0,"",6,"1:24:13",2018-03-09 01:24:13,1.40361111111111,4.27468830397784,"shrub bloom",0.712448050662972,0.712448050662972
"141","LO14.23.2017",0.0174652777777778,1.25,1.25,"264","","LO1","open","bloom","4.23.2017","11:06",120,10,0,0,1,0,"",8,"1:21:48",2018-03-09 01:21:48,1.36333333333333,5.8679706601467,"open bloom",0.916870415647922,0.916870415647922
"142","LO24.23.2017",0.133944444444444,1,1,"301","","LO2","open","bloom","4.23.2017","11:18",228,1,1,0,0,NA,"",5,"1:12:31",2018-03-09 01:12:31,1.20861111111111,4.13698000459664,"open bloom",0.827396000919329,0.827396000919329
"143","LO34.23.2017",0.0733333333333333,1,1,"295","","LO3","open","bloom","4.23.2017","11:39",253,7,3,0,3,4,"",6,"1:29:35",2018-03-09 01:29:35,1.49305555555556,4.01860465116279,"open bloom",0.669767441860465,0.669767441860465
"144","LO44.23.2017",0.0149242424242424,1.18181818181818,1.09090909090909,"298","","LO4","open","bloom","4.23.2017","11:49",263,15,0,0,3,0,"",11,"1:41:13",2018-03-09 01:41:13,1.68694444444444,6.52066523958505,"open bloom",0.700567339790129,0.646677544421658
"145","LO54.23.2017",0.0488888888888889,1.66666666666667,1.66666666666667,"196","","LO5","open","bloom","4.23.2017","12:02",197,5,0,0,2,0,"",3,"1:36:38",2018-03-09 01:36:38,1.61055555555556,1.86271127975164,"open bloom",1.03483959986202,1.03483959986202
"146","LO64.23.2017",0.0091025641025641,1,1,"192","","LO6","open","bloom","4.23.2017","12:10",298,14,0,0,3,1,"",26,"1:27:23",2018-03-09 01:27:23,1.45638888888889,17.8523745946977,"open bloom",0.686629792103757,0.686629792103757
"147","LS14.23.2017",0.00659722222222222,1,1,"264","","LS1","shrub","bloom","4.23.2017","11:06",120,10,1,0,1,0,"",4,"1:18:23",2018-03-09 01:18:23,1.30638888888889,3.06187539868169,"shrub bloom",0.765468849670423,0.765468849670423
"148","LS24.23.2017",0.0144444444444444,1,1,"301","","LS2","shrub","bloom","4.23.2017","11:18",228,1,3,0,0,0,"acamp fl",1,"1:19:08",2018-03-09 01:19:08,1.31888888888889,0.75821398483572,"shrub bloom",0.75821398483572,0.75821398483572
"149","LS34.23.2017",0.0183585858585859,1,1,"295","","LS3","shrub","bloom","4.23.2017","11:39",253,7,2,0,2,0,"acamp fl",11,"1:15:35",2018-03-09 01:15:35,1.25972222222222,8.73208379272326,"shrub bloom",0.793825799338479,0.793825799338479
"150","LS44.23.2017",0.00775,1.7,1.5,"298","","LS4","shrub","bloom","4.23.2017","11:49",263,15,1,0,2,0,"",10,"1:35:44",2018-03-09 01:35:44,1.59555555555556,6.26740947075209,"shrub bloom",1.06545961002786,0.940111420612813
"151","LS54.23.2017",0.139055555555556,1.5,1.5,"196","","LS5","shrub","bloom","4.23.2017","12:02",197,5,0,0,3,0,"",10,"1:18:17",2018-03-09 01:18:17,1.30472222222222,7.66446668086012,"shrub bloom",1.14967000212902,1.14967000212902
"152","LS64.23.2017",0.00256944444444444,1.25,1,"192","","LS6","shrub","bloom","4.23.2017","12:10",298,14,0,1,2,0,"",4,"1:43:33",2018-03-09 01:43:33,1.72583333333333,2.31772090777402,"shrub bloom",0.724287783679382,0.579430226943506
"153","LO14.25.2017",NA,NA,NA,"262","","LO1","open","bloom","4.25.2017","14:41",280,14,4,0,3,0,"",0,"1:21:59",2018-03-09 01:21:59,1.36638888888889,0,"open bloom",NA,NA
"154","LO24.25.2017",0.283472222222222,1,1,"282","","LO2","open","bloom","4.25.2017","14:48",111,14,1,2,3,0,"",2,"1:29:19",2018-03-09 01:29:19,1.48861111111111,1.34353424146296,"open bloom",0.67176712073148,0.67176712073148
"155","LO34.25.2017",0.000277777777777778,1,1,"293","","LO3","open","bloom","4.25.2017","15:04",103,13,2,0,2,0,"",1,"1:15:39",2018-03-09 01:15:39,1.26083333333333,0.793126239259749,"open bloom",0.793126239259749,0.793126239259749
"156","LO44.25.2017",0.0372222222222222,1,1,"294","","LO4","open","bloom","4.25.2017","15:11",168,14,0,1,2,2,"",1,"1:42:59",2018-03-09 01:42:59,1.71638888888889,0.582618546690403,"open bloom",0.582618546690403,0.582618546690403
"157","LO54.25.2017",0.00444444444444444,1,1,"297","","LO5","open","bloom","4.25.2017","15:20",354,13,0,0,2,0,"",1,"1:23:32",2018-03-09 01:23:32,1.39222222222222,0.718276137270551,"open bloom",0.718276137270551,0.718276137270551
"158","LO64.25.2017",NA,NA,NA,"188","","LO6","open","bloom","4.25.2017","15:28",126,13,2,0,3,0,"",0,"1:14:38",2018-03-09 01:14:38,1.24388888888889,0,"open bloom",NA,NA
"159","LS14.25.2017",0.005,1,1,"262","","LS1","shrub","bloom","4.25.2017","14:41",280,14,3,0,3,2,"",1,"1:37:11",2018-03-09 01:37:11,1.61972222222222,0.617389813068084,"shrub bloom",0.617389813068084,0.617389813068084
"160","LS24.25.2017",NA,NA,NA,"282","","LS2","shrub","bloom","4.25.2017","14:48",111,14,3,1,3,0,"",0,"1:21:01",2018-03-09 01:21:01,1.35027777777778,0,"shrub bloom",NA,NA
"161","LS34.25.2017",NA,NA,NA,"293","","LS3","shrub","bloom","4.25.2017","15:04",103,13,5,1,3,0,"",0,"1:35:38",2018-03-09 01:35:38,1.59388888888889,0,"shrub bloom",NA,NA
"162","LS44.25.2017",0.00472222222222222,1,1,"294","","LS4","shrub","bloom","4.25.2017","15:11",168,14,0,1,3,0,"",1,"1:38:34",2018-03-09 01:38:34,1.64277777777778,0.608725059181603,"shrub bloom",0.608725059181603,0.608725059181603
"163","LS54.25.2017",NA,NA,NA,"297","","LS5","shrub","bloom","4.25.2017","15:20",354,13,0,0,4,0,"",0,"1:19:48",2018-03-09 01:19:48,1.33,0,"shrub bloom",NA,NA
"164","LS64.25.2017",NA,NA,NA,"188","","LS6","shrub","bloom","4.25.2017","15:28",126,13,2,0,3,0,"",0,"1:27:26",2018-03-09 01:27:26,1.45722222222222,0,"shrub bloom",NA,NA
"165","LO14.26.2017",0.0244444444444444,1,1,"114","","LO1","open","bloom","4.26.2017","11:20",302,2,4,1,1,0,"",4,"1:39:12",2018-03-09 01:39:12,1.65333333333333,2.41935483870968,"open bloom",0.604838709677419,0.604838709677419
"166","LO24.26.2017",0.0641203703703704,1,1,"269","","LO2","open","bloom","4.26.2017","11:32",224,1,3,0,3,0,"",6,"1:02:02",2018-03-09 01:02:02,1.03388888888889,5.80333154218162,"open bloom",0.967221923696937,0.967221923696937
"167","LO34.26.2017",0.00305555555555556,1,1,"270","","LO3","open","bloom","4.26.2017","11:40",146,15,3,0,2,0,"",1,"1:13:37",2018-03-09 01:13:37,1.22694444444444,0.815032827711116,"open bloom",0.815032827711116,0.815032827711116
"168","LO44.26.2017",0.000763888888888889,1.25,1.25,"288","","LO4","open","bloom","4.26.2017","11:54",260,15,4,0,3,0,"",4,"1:22:24",2018-03-09 01:22:24,1.37333333333333,2.9126213592233,"open bloom",0.910194174757282,0.910194174757282
"169","LO54.26.2017",0.00208333333333333,1.5,1.5,"286","","LO5","open","bloom","4.26.2017","12:02",145,4,0,0,1,0,"",2,"1:20:33",2018-03-09 01:20:33,1.3425,1.48975791433892,"open bloom",1.11731843575419,1.11731843575419
"170","LO64.26.2017",NA,NA,NA,"190","","LO6","open","bloom","4.26.2017","12:02",399,14,3,0,2,2,"",0,"1:26:49",2018-03-09 01:26:49,1.44694444444444,0,"open bloom",NA,NA
"171","LS14.26.2017",0.00638888888888889,1,1,"114","","LS1","shrub","bloom","4.26.2017","11:20",302,2,3,1,1,0,"",3,"1:35:20",2018-03-09 01:35:20,1.58888888888889,1.88811188811189,"shrub bloom",0.629370629370629,0.629370629370629
"172","LS24.26.2017",NA,NA,NA,"269","","LS2","shrub","bloom","4.26.2017","11:32",224,1,4,0,3,0,"",0,"1:37:48",2018-03-09 01:37:48,1.63,0,"shrub bloom",NA,NA
"173","LS34.26.2017",NA,NA,NA,"270","","LS3","shrub","bloom","4.26.2017","11:40",146,15,2,0,2,0,"",0,"0:40:58",2018-03-09 00:40:58,0.682777777777778,0,"shrub bloom",NA,NA
"174","LS44.26.2017",NA,NA,NA,"288","","LS4","shrub","bloom","4.26.2017","11:54",260,15,0,0,2,0,"",0,"1:33:03",2018-03-09 01:33:03,1.55083333333333,0,"shrub bloom",NA,NA
"175","LS54.26.2017",NA,NA,NA,"286","","LS5","shrub","bloom","4.26.2017","12:02",145,4,2,0,2,0,"",0,"1:18:03",2018-03-09 01:18:03,1.30083333333333,0,"shrub bloom",NA,NA
"176","LS64.26.2017",0.00263888888888889,1,1,"190","","LS6","shrub","bloom","4.26.2017","12:02",399,14,0,0,2,0,"",2,"1:43:55",2018-03-09 01:43:55,1.73194444444444,1.15477145148356,"shrub bloom",0.57738572574178,0.57738572574178
"177","LO14.27.2017",0.0145238095238095,1.42857142857143,1.28571428571429,"104","","LO1","open","bloom","4.27.2017","11:30",189,1,2,0,2,0,"",7,"1:39:59",2018-03-09 01:39:59,1.66638888888889,4.20070011668611,"open bloom",0.857285738099207,0.771557164289286
"178","LO24.27.2017",NA,NA,NA,"265","","LO2","open","bloom","4.27.2017","11:41",332,3,8,0,1,0,"",0,"1:35:18",2018-03-09 01:35:18,1.58833333333333,0,"open bloom",NA,NA
"179","LO44.27.2017",0.0155555555555556,1,1,"272","","LO4","open","bloom","4.27.2017","12:10",255,1,4,0,2,1,"",1,"1:42:14",2018-03-09 01:42:14,1.70388888888889,0.58689272905119,"open bloom",0.58689272905119,0.58689272905119
"180","LO34.27.2017",0.0536111111111111,2,2,"268","","LO3","open","bloom","4.27.2017","11:57",303,1,5,0,2,0,"",1,"1:13:39",2018-03-09 01:13:39,1.2275,0.814663951120163,"open bloom",1.62932790224033,1.62932790224033
"181","LO54.27.2017",0.0426388888888889,1.25,1.25,"181","","LO5","open","bloom","4.27.2017","12:22",201,7,3,0,3,1,"",4,"1:40:14",2018-03-09 01:40:14,1.67055555555556,2.39441303624875,"open bloom",0.748254073827735,0.748254073827735
"182","LO64.27.2017",0.0359259259259259,1.66666666666667,1.66666666666667,"186","","LO6","open","bloom","4.27.2017","12:29",151,5,6,0,1,2,"",3,"1:30:08",2018-03-09 01:30:08,1.50222222222222,1.99704142011834,"open bloom",1.1094674556213,1.1094674556213
"183","LS24.27.2017",NA,NA,NA,"265","","LS2","shrub","bloom","4.27.2017","11:41",332,3,8,0,3,0,"",0,"1:20:00",2018-03-09 01:20:00,1.33333333333333,0,"shrub bloom",NA,NA
"184","LS34.27.2017",0.000277777777777778,1,1,"268","","LS3","shrub","bloom","4.27.2017","11:57",303,1,6,0,2,1,"",1,"1:34:54",2018-03-09 01:34:54,1.58166666666667,0.632244467860906,"shrub bloom",0.632244467860906,0.632244467860906
"185","LS44.27.2017",0.00138888888888889,2,1,"272","","LS4","shrub","bloom","4.27.2017","12:10",255,1,6,0,3,0,"",1,"1:36:00",2018-03-09 01:36:00,1.6,0.625,"shrub bloom",1.25,0.625
"186","LS14.27.2017",0.243888888888889,1.5,1.5,"104","","LS1","shrub","bloom","4.27.2017","11:30",189,1,4,0,2,0,"",2,"1:34:26",2018-03-09 01:34:26,1.57388888888889,1.27073773385104,"shrub bloom",0.953053300388281,0.953053300388281
"187","LS54.27.2017",0.0158333333333333,1.625,1.5,"181","","LS5","shrub","bloom","4.27.2017","12:22",201,7,6,0,3,2,"",8,"1:16:51",2018-03-09 01:16:51,1.28083333333333,6.24593363695511,"shrub bloom",1.26870527000651,1.17111255692908
"188","LS64.27.2017",0.0495555555555556,1.2,1.2,"186","","LS6","shrub","bloom","4.27.2017","12:29",151,5,8,0,3,0,"",5,"1:44:25",2018-03-09 01:44:25,1.74027777777778,2.8731045490822,"shrub bloom",0.689545091779729,0.689545091779729
"189","LO14.29.2017",0.000277777777777778,1,1,"271","","LO1","open","bloom","4.29.2017","13:40",270,15,7,0,1,0,"",2,"1:40:30",2018-03-09 01:40:30,1.675,1.19402985074627,"open bloom",0.597014925373134,0.597014925373134
"190","LO24.29.2017",NA,NA,NA,"278","","LO2","open","bloom","4.29.2017","13:49",338,3,0,0,2,0,"",0,"1:32:33",2018-03-09 01:32:33,1.5425,0,"open bloom",NA,NA
"191","LO34.29.2017",0.502916666666667,1,1,"296","","LO3","open","bloom","4.29.2017","13:58",483,1,3,0,3,3,"",2,"1:30:33",2018-03-09 01:30:33,1.50916666666667,1.32523467697405,"open bloom",0.662617338487024,0.662617338487024
"192","LO44.29.2017",0.0723611111111111,1,1,"184","","LO4","open","bloom","4.29.2017","14:07",366,14,1,0,2,0,"",2,"1:42:40",2018-03-09 01:42:40,1.71111111111111,1.16883116883117,"open bloom",0.584415584415584,0.584415584415584
"193","LO54.29.2017",0.0636111111111111,1,1,"191","","LO5","open","bloom","4.29.2017","14:13",322,15,2,0,1,0,"",1,"1:40:45",2018-03-09 01:40:45,1.67916666666667,0.595533498759305,"open bloom",0.595533498759305,0.595533498759305
"194","LO64.29.2017",0.000277777777777778,1,1,"199","","LO6","open","bloom","4.29.2017","14:20",332,13,0,0,3,0,"",1,"1:30:08",2018-03-09 01:30:08,1.50222222222222,0.665680473372781,"open bloom",0.665680473372781,0.665680473372781
"195","LS14.29.2017",0.166666666666667,1,1,"271","","LS1","shrub","bloom","4.29.2017","13:40",270,15,8,0,2,0,"",1,"1:36:57",2018-03-09 01:36:57,1.61583333333333,0.618875709128417,"shrub bloom",0.618875709128417,0.618875709128417
"196","LS24.29.2017",NA,NA,NA,"278","","LS2","shrub","bloom","4.29.2017","13:49",338,3,3,0,3,1,"",0,"1:38:59",2018-03-09 01:38:59,1.64972222222222,0,"shrub bloom",NA,NA
"197","LS34.29.2017",0.0319444444444444,1,1,"296","","LS3","shrub","bloom","4.29.2017","13:58",483,1,3,0,2,1,"",1,"1:34:51",2018-03-09 01:34:51,1.58083333333333,0.632577754348972,"shrub bloom",0.632577754348972,0.632577754348972
"198","LS44.29.2017",NA,NA,NA,"184","","LS4","shrub","bloom","4.29.2017","14:07",366,14,8,1,2,1,"",0,"1:36:37",2018-03-09 01:36:37,1.61027777777778,0,"shrub bloom",NA,NA
"199","LS54.29.2017",NA,NA,NA,"191","","LS5","shrub","bloom","4.29.2017","14:13",322,15,4,0,2,0,"",0,"1:38:52",2018-03-09 01:38:52,1.64777777777778,0,"shrub bloom",NA,NA
"200","LS64.29.2017",0.00222222222222222,1,1,"199","","LS6","shrub","bloom","4.29.2017","14:20",332,13,1,0,3,0,"",1,"1:25:40",2018-03-09 01:25:40,1.42777777777778,0.700389105058366,"shrub bloom",0.700389105058366,0.700389105058366
"201","LO14.30.2017",0.00805555555555556,1.125,1.125,"263","","LO1","open","bloom","4.30.2017","10:48",260,1,3,0,4,1,"",8,"1:29:17",2018-03-09 01:29:17,1.48805555555556,5.37614336382304,"open bloom",0.756020160537614,0.756020160537614
"202","LO24.30.2017",0.0104444444444444,1.4,1.4,"274","","LO2","open","bloom","4.30.2017","10:57",406,5,4,1,2,0,"",10,"1:34:41",2018-03-09 01:34:41,1.57805555555556,6.33691251540222,"open bloom",0.88716775215631,0.88716775215631
"203","LO34.30.2017",0,1,1,"285","","LO3","open","bloom","4.30.2017","11:02",152,12,0,1,3,3,"",1,"1:26:01",2018-03-09 01:26:01,1.43361111111111,0.697539236582058,"open bloom",0.697539236582058,0.697539236582058
"204","LO44.30.2017",0.00472222222222222,3,3,"290","","LO4","open","bloom","4.30.2017","11:10",118,14,1,0,2,0,"",2,"1:40:11",2018-03-09 01:40:11,1.66972222222222,1.19780402595242,"open bloom",1.79670603892863,1.79670603892863
"205","LO54.30.2017",0.00496527777777778,2.375,2.125,"187","","LO5","open","bloom","4.30.2017","11:17",264,7,1,0,1,0,"",8,"1:39:19",2018-03-09 01:39:19,1.65527777777778,4.8330256754489,"open bloom",1.43480449739889,1.28377244504111
"206","LO64.30.2017",0.000462962962962963,1,1,"183","","LO6","open","bloom","4.30.2017","11:26",709,14,7,0,2,0,"",3,"1:29:41",2018-03-09 01:29:41,1.49472222222222,2.0070618844081,"open bloom",0.669020628136034,0.669020628136034
"207","LS14.30.2017",0.000555555555555556,1,1,"263","","LS1","shrub","bloom","4.30.2017","10:48",260,1,3,0,2,2,"",1,"1:35:30",2018-03-09 01:35:30,1.59166666666667,0.628272251308901,"shrub bloom",0.628272251308901,0.628272251308901
"208","LS24.30.2017",0.0790277777777778,1,1,"274","","LS2","shrub","bloom","4.30.2017","10:57",406,5,7,1,3,0,"",4,"1:37:28",2018-03-09 01:37:28,1.62444444444444,2.46238030095759,"shrub bloom",0.615595075239398,0.615595075239398
"209","LS34.30.2017",0.000416666666666667,1,1,"285","","LS3","shrub","bloom","4.30.2017","11:02",152,12,3,1,2,1,"",2,"1:33:39",2018-03-09 01:33:39,1.56083333333333,1.28136679124399,"shrub bloom",0.640683395621997,0.640683395621997
"210","LS44.30.2017",0.185185185185185,1,1,"290","","LS4","shrub","bloom","4.30.2017","11:10",118,14,5,0,2,0,"",3,"1:35:06",2018-03-09 01:35:06,1.585,1.89274447949527,"shrub bloom",0.630914826498423,0.630914826498423
"211","LS54.30.2017",0.00555555555555556,1,1,"187","","LS5","shrub","bloom","4.30.2017","11:17",264,7,2,1,2,0,"",1,"1:37:23",2018-03-09 01:37:23,1.62305555555556,0.616121855211364,"shrub bloom",0.616121855211364,0.616121855211364
"212","LS64.30.2017",0.0165277777777778,1,1,"183","","LS6","shrub","bloom","4.30.2017","11:26",709,14,2,0,2,0,"",4,"1:41:50",2018-03-09 01:41:50,1.69722222222222,2.35679214402619,"shrub bloom",0.589198036006547,0.589198036006547
"213","LO15.1.2017",0.000555555555555556,1,1,"261","","LO1","open","bloom","5.1.2017","11:30",143,14,10,0,2,0,"",1,"1:14:35",2018-03-09 01:14:35,1.24305555555556,0.804469273743017,"open bloom",0.804469273743017,0.804469273743017
"214","LO25.1.2017",NA,NA,NA,"273","","LO2","open","bloom","5.1.2017","11:36",371,13,5,0,2,0,"",0,"0:45:00",2018-03-09 00:45:00,0.75,0,"open bloom",NA,NA
"215","LO35.1.2017",0.181296296296296,1,1,"280","","LO3","open","bloom","5.1.2017","11:42",535,1,3,1,3,0,"",3,"1:28:49",2018-03-09 01:28:49,1.48027777777778,2.02664665040345,"open bloom",0.675548883467818,0.675548883467818
"216","LO45.1.2017",NA,NA,NA,"283","","LO4","open","bloom","5.1.2017","11:53",1080,1,3,0,2,0,"",0,"1:23:01",2018-03-09 01:23:01,1.38361111111111,0,"open bloom",NA,NA
"217","LO55.1.2017",NA,1,1,"291","","LO5","open","bloom","5.1.2017","12:06",728,1,3,0,2,0,"",3,"1:39:11",2018-03-09 01:39:11,1.65305555555556,1.81482103848093,"open bloom",0.604940346160309,0.604940346160309
"218","LO65.1.2017",NA,NA,NA,"198","","LO6","open","bloom","5.1.2017","",430,15,2,0,2,0,"",0,"1:19:26",2018-03-09 01:19:26,1.32388888888889,0,"open bloom",NA,NA
"219","LS15.1.2017",NA,NA,NA,"261","","LS1","shrub","bloom","5.1.2017","11:30",143,14,6,0,1,0,"",0,"1:17:53",2018-03-09 01:17:53,1.29805555555556,0,"shrub bloom",NA,NA
"220","LS25.1.2017",0.0127777777777778,1.6,1.4,"273","","LS2","shrub","bloom","5.1.2017","11:36",371,13,4,0,3,0,"",5,"1:30:38",2018-03-09 01:30:38,1.51055555555556,3.31004045605002,"shrub bloom",1.05921294593601,0.926811327694005
"221","LS35.1.2017",0.295833333333333,1,1,"280","","LS3","shrub","bloom","5.1.2017","11:42",535,1,6,0,2,0,"",1,"1:13:09",2018-03-09 01:13:09,1.21916666666667,0.820232399179768,"shrub bloom",0.820232399179768,0.820232399179768
"222","LS45.1.2017",NA,NA,NA,"283","","LS4","shrub","bloom","5.1.2017","11:53",1080,1,3,0,2,0,"",0,"1:36:02",2018-03-09 01:36:02,1.60055555555556,0,"shrub bloom",NA,NA
"223","LS55.1.2017",NA,1,1,"291","","LS5","shrub","bloom","5.1.2017","12:06",728,1,11,2,2,0,"",3,"1:27:50",2018-03-09 01:27:50,1.46388888888889,2.04933586337761,"shrub bloom",0.683111954459203,0.683111954459203
"224","LS65.1.2017",NA,NA,NA,"198","","LS6","shrub","bloom","5.1.2017","",430,15,2,0,3,2,"",0,"1:35:17",2018-03-09 01:35:17,1.58805555555556,0,"shrub bloom",NA,NA
"225","LO15.2.2017",NA,1.57142857142857,1.5,"281","","LO1","open","bloom","5.2.2017","11:31",307,8,4,0,3,0,"",14,"1:38:08",2018-03-09 01:38:08,1.63555555555556,8.55978260869565,"open bloom",0.960791925465838,0.917119565217391
"226","LO25.2.2017",NA,NA,NA,"185","","LO2","open","bloom","5.2.2017","11:37",179,2,4,0,2,0,"",0,"0:45:00",2018-03-09 00:45:00,0.75,0,"open bloom",NA,NA
"227","LO35.2.2017",0.0156481481481481,1.41666666666667,1.33333333333333,"193","","LO3","open","bloom","5.2.2017","11:42",218,4,7,2,2,0,"",12,"1:28:18",2018-03-09 01:28:18,1.47166666666667,8.15402038505096,"open bloom",0.962627406568516,0.906002265005662
"228","LO55.2.2017",0.0476388888888889,1,1,"300","","LO5","open","bloom","5.2.2017","11:59",238,6,1,8,2,0,"",2,"1:37:09",2018-03-09 01:37:09,1.61916666666667,1.23520329387545,"open bloom",0.617601646937725,0.617601646937725
"229","LO65.2.2017",0.00527777777777778,1,1,"302","","LO6","open","bloom","5.2.2017","12:10",735,2,2,0,3,0,"",3,"1:24:12",2018-03-09 01:24:12,1.40333333333333,2.13776722090261,"open bloom",0.712589073634204,0.712589073634204
"230","LS15.2.2017",0.00166666666666667,1,1,"281","","LS1","shrub","bloom","5.2.2017","11:31",307,8,4,0,1,0,"",2,"1:32:17",2018-03-09 01:32:17,1.53805555555556,1.300343146108,"shrub bloom",0.650171573054,0.650171573054
"231","LS25.2.2017",0.000833333333333333,1.5,1.5,"185","","LS2","shrub","bloom","5.2.2017","11:37",179,2,6,0,2,0,"",2,"1:35:36",2018-03-09 01:35:36,1.59333333333333,1.25523012552301,"shrub bloom",0.941422594142259,0.941422594142259
"232","LS35.2.2017",0.0908333333333333,1,1,"193","","LS3","shrub","bloom","5.2.2017","11:42",218,4,9,1,3,1,"",1,"1:30:14",2018-03-09 01:30:14,1.50388888888889,0.664942741041744,"shrub bloom",0.664942741041744,0.664942741041744
"233","LS45.2.2017",0.00296296296296296,1,1,"198","","LS4","shrub","bloom","5.2.2017","11:52",369,1,2,0,3,1,"",3,"1:15:05",2018-03-09 01:15:05,1.25138888888889,2.39733629300777,"shrub bloom",0.799112097669256,0.799112097669256
"234","LS55.2.2017",0.0285416666666667,1,1,"300","","LS5","shrub","bloom","5.2.2017","11:59",238,6,1,0,3,0,"",4,"1:34:33",2018-03-09 01:34:33,1.57583333333333,2.53833950290851,"shrub bloom",0.634584875727129,0.634584875727129
"235","LS65.2.2017",0.0518055555555556,1,1,"302","","LS6","shrub","bloom","5.2.2017","12:10",735,2,15,0,2,0,"",6,"1:41:37",2018-03-09 01:41:37,1.69361111111111,3.54272593078563,"shrub bloom",0.590454321797605,0.590454321797605
