,Hour,Total,,,,,,Air,,Soil,,Relative,,,,,,,
,of Day,Solar,,Wind,,,,Temperature,,Temperature,,Humidity,,Dew,Wet,,Baro.,,Total
10-Apr,Ending at,Rad.,,Ave.,V. Dir.,Max.,,Mean,,Mean,,Mean,,Point,Bulb,,Press.,,Precip.
10-Apr,L.S.T.,° KW-hr/m²,,m/s,Deg,m/s,,Deg. C.,,Deg. C.,,Percent,,Deg. C.,,,mb.,,mm.
10-Apr,1:00 AM,0,,3.8,300,7.2,,9.8,,17.3,,17,,-14,1.3,,870,,0
10-Apr,2:00 AM,0,,3.7,301,6.8,,9.9,,17,,19,,-12.9,1.5,,870,,0
10-Apr,3:00 AM,0,,4.4,307,6.8,,9.8,,16.8,,18,,-13.1,1.4,,870,,0
10-Apr,4:00 AM,0,,4.2,309,6.9,,9.7,,16.5,,18,,-13.2,1.3,,869,,0
10-Apr,5:00 AM,0,,4.5,312,6.4,,9.9,,16.2,,18,,-13.4,1.4,,870,,0
10-Apr,6:00 AM,0.01,,4.5,307,6.9,,10.1,,15.9,,17,,-13.7,1.4,,870,,0
10-Apr,7:00 AM,0.14,,4.5,308,7.1,,11,,15.7,,16,,-13.5,2,,871,,0
10-Apr,8:00 AM,0.35,,3.6,311,6,,12.8,,15.4,,14,,-14,2.8,,871,,0
10-Apr,9:00 AM,0.62,,2.8,306,5.1,,15,,15.3,,12,,-13.8,3.9,,872,,0
10-Apr,10:00 AM,0.81,,2,113,4.8,,16.6,,15.1,,10,,-15.3,4.5,,872,,0
10-Apr,11:00 AM,0.92,,2,119,4.9,,17.4,,15.2,,10,,-14.3,5,,872,,0
10-Apr,12:00 PM,0.97,,2.1,194,5.3,,17.7,,15.3,,12,,-12.5,5.4,,872,,0
10-Apr,1:00 PM,0.93,,2.1,201,6.1,,18.1,,15.7,,12,,-12.2,5.7,,872,,0
10-Apr,2:00 PM,0.86,,2.1,226,5.1,,18.7,,16.1,,11,,-12.6,5.9,,871,,0
10-Apr,3:00 PM,0.74,,1.7,186,4.8,,19.3,,16.7,,10,,-13.6,6,,871,,0
10-Apr,4:00 PM,0.55,,1.4,129,4.8,,19.6,,17.3,,9,,-13.9,6.1,,870,,0
10-Apr,5:00 PM,0.32,,1.7,229,4.7,,18.9,,18,,10,,-13.5,5.8,,870,,0
10-Apr,6:00 PM,0.06,,1.2,246,3.5,,17,,18.6,,11,,-13.7,4.9,,870,,0
10-Apr,7:00 PM,0,,1.3,266,3.3,,14.5,,19.1,,12,,-14.2,3.6,,870,,0
10-Apr,8:00 PM,0,,1.4,271,2.4,,11.9,,19.4,,15,,-14.3,2.3,,870,,0
10-Apr,9:00 PM,0,,2.3,275,3.4,,11.5,,19.4,,14,,-15.3,1.9,,870,,0
10-Apr,10:00 PM,0,,1.1,293,2.9,,11.1,,19.3,,12,,-17.8,1.4,,870,,0
10-Apr,11:00 PM,0,,1.3,265,3,,10.4,,19.1,,15,,-15,1.4,,870,,0
10-Apr,12:00 AM,0,,1.3,282,2.5,,10.1,,18.8,,19,,-12.3,1.7,,870,,0
11-Apr,1:00 AM,0,,1.9,280,2.7,,9,,18.4,,22,,-11.9,1.2,,870,,0
11-Apr,2:00 AM,0,,1.8,284,2.7,,10.4,,18.1,,19,,-12.5,1.8,,869,,0
11-Apr,3:00 AM,0,,2,280,2.6,,9.2,,17.7,,21,,-11.8,1.3,,869,,0
11-Apr,4:00 AM,0,,2.1,279,3,,8.8,,17.4,,22,,-11.5,1.2,,869,,0
11-Apr,5:00 AM,0,,1.6,280,2.3,,8,,17,,25,,-11.1,0.8,,868,,0
11-Apr,6:00 AM,0.02,,1.4,277,2.1,,7.9,,16.7,,24,,-11.6,0.7,,869,,0
11-Apr,7:00 AM,0.14,,1.2,283,2.1,,13.5,,16.3,,15,,-12.3,3.4,,869,,0
11-Apr,8:00 AM,0.39,,0.9,153,4,,18.1,,16,,10,,-13.5,5.5,,870,,0
11-Apr,9:00 AM,0.62,,2.2,118,5.5,,18.1,,15.8,,10,,-13.9,5.4,,870,,0
11-Apr,10:00 AM,0.79,,2.7,127,7.5,,18.7,,15.7,,10,,-14,5.7,,870,,0
11-Apr,11:00 AM,0.87,,2.6,181,7.7,,19.4,,15.7,,10,,-12.8,6.2,,870,,0
11-Apr,12:00 PM,0.87,,2.5,160,8.6,,19.4,,15.9,,13,,-9.3,6.8,,870,,0
11-Apr,1:00 PM,0.9,,2.4,198,7.3,,20.3,,16.2,,13,,-9.2,7.2,,870,,0
11-Apr,2:00 PM,0.77,,2.4,213,6.3,,20.4,,16.6,,12,,-10.3,7.1,,869,,0
11-Apr,3:00 PM,0.33,,2.3,251,7.2,,19.9,,17.1,,12,,-10.8,6.7,,869,,0
11-Apr,4:00 PM,0.17,,1.5,199,4.5,,19.5,,17.7,,12,,-11.1,6.5,,868,,0
11-Apr,5:00 PM,0.18,,0.8,133,2.4,,19.9,,18.3,,11,,-11.5,6.6,,868,,0
11-Apr,6:00 PM,0.1,,0.6,124,1.9,,19.8,,18.7,,11,,-11.2,6.6,,868,,0
11-Apr,7:00 PM,0,,0.7,292,1.9,,15.8,,19,,16,,-10,5,,869,,0
11-Apr,8:00 PM,0,,1.9,278,3.1,,14.2,,19.1,,17,,-10.2,4.2,,869,,0
11-Apr,9:00 PM,0,,2.8,288,5.7,,15.1,,19.1,,16,,-10.3,4.6,,869,,0
11-Apr,10:00 PM,0,,3.8,323,7.4,,16.1,,19,,16,,-10.1,5.1,,869,,0
11-Apr,11:00 PM,0,,5.4,321,9,,15.2,,18.8,,21,,-6.9,5.4,,869,,0
11-Apr,12:00 AM,0,,6.4,315,10.2,,14.9,,18.6,,25,,-4.8,5.8,,869,,0
12-Apr,1:00 AM,0,,5.4,325,9,,15.5,,18.4,,29,,-2.6,6.7,,869,,0
12-Apr,2:00 AM,0,,5.9,320,10.2,,15.1,,18.2,,32,,-1.6,6.8,,868,,0
12-Apr,3:00 AM,0,,7,317,10.4,,14.6,,17.9,,35,,-0.8,6.9,,868,,0
12-Apr,4:00 AM,0,,4.6,318,8,,14.5,,17.7,,32,,-1.9,6.5,,868,,0
12-Apr,5:00 AM,0,,4.8,313,8.6,,13.7,,17.5,,35,,-1.5,6.2,,868,,0
12-Apr,6:00 AM,0.02,,6.2,316,10.5,,13.4,,17.3,,39,,-0.5,6.5,,869,,0
12-Apr,7:00 AM,0.19,,5.6,327,10.5,,15,,17.1,,34,,-0.7,7.1,,869,,0
12-Apr,8:00 AM,0.42,,3.5,309,6.6,,17.1,,16.9,,29,,-0.9,8,,870,,0
12-Apr,9:00 AM,0.63,,1.5,218,4.9,,19,,16.8,,26,,-0.9,8.8,,870,,0
12-Apr,10:00 AM,0.8,,2.3,127,5.7,,19.6,,16.7,,25,,-1.2,8.9,,871,,0
12-Apr,11:00 AM,0.91,,1.8,218,5.6,,20.5,,16.7,,23,,-1.2,9.3,,871,,0
12-Apr,12:00 PM,0.96,,1.9,207,7.8,,21.2,,16.9,,23,,-1,9.6,,871,,0
12-Apr,1:00 PM,0.94,,2.2,189,6.7,,21.4,,17.2,,22,,-1.2,9.6,,870,,0
12-Apr,2:00 PM,0.87,,2.7,214,8.1,,22.1,,17.6,,19,,-2.2,9.6,,870,,0
12-Apr,3:00 PM,0.73,,2.4,221,7.3,,22.5,,18.1,,18,,-2.9,9.6,,869,,0
12-Apr,4:00 PM,0.54,,2.2,242,6.2,,22.7,,18.8,,18,,-2.9,9.7,,869,,0
12-Apr,5:00 PM,0.32,,1.6,215,5.2,,22.2,,19.4,,19,,-2.7,9.6,,869,,0
12-Apr,6:00 PM,0.06,,1.4,234,4.1,,20.7,,20,,20,,-3,8.8,,868,,0
12-Apr,7:00 PM,0,,1,271,3.4,,18.7,,20.5,,23,,-2.8,8,,868,,0
12-Apr,8:00 PM,0,,0.6,323,1.8,,15.8,,20.8,,29,,-2.4,6.9,,869,,0
12-Apr,9:00 PM,0,,1.8,280,2.6,,14.8,,20.9,,30,,-2.6,6.4,,869,,0
12-Apr,10:00 PM,0,,1.6,289,5,,14.6,,20.8,,31,,-2.5,6.3,,868,,0
12-Apr,11:00 PM,0,,3.9,270,5.7,,15.7,,20.6,,30,,-1.7,7.1,,868,,0
12-Apr,12:00 AM,0,,3.1,273,5.3,,15.6,,20.3,,30,,-1.7,7,,868,,0
13-Apr,1:00 AM,0,,3.5,274,5.5,,15.1,,20.1,,32,,-1.3,6.9,,867,,0
13-Apr,2:00 AM,0,,3.9,301,6.2,,14.3,,19.8,,35,,-1,6.7,,867,,0
13-Apr,3:00 AM,0,,6,316,10.4,,14.6,,19.5,,33,,-1.4,6.7,,867,,0
13-Apr,4:00 AM,0,,6.9,321,11.5,,13.9,,19.3,,31,,-2.9,5.9,,866,,0
13-Apr,5:00 AM,0,,4.5,312,10.2,,14.3,,19,,23,,-6.4,5.1,,866,,0
13-Apr,6:00 AM,0.02,,1.5,276,3.5,,12.2,,18.8,,32,,-4.3,4.7,,866,,0
13-Apr,7:00 AM,0.2,,0.7,147,1.8,,16.7,,18.4,,26,,-2.8,7.2,,867,,0
13-Apr,8:00 AM,0.43,,0.8,166,3.3,,19.1,,18.2,,22,,-2.9,8.2,,867,,0
13-Apr,9:00 AM,0.63,,1.4,145,3.9,,18.9,,18,,23,,-2.8,8.1,,867,,0
13-Apr,10:00 AM,0.81,,1.7,162,5.8,,19.9,,17.8,,17,,-5.9,7.7,,867,,0
13-Apr,11:00 AM,0.92,,1.8,159,5.8,,20.3,,17.8,,15,,-7.2,7.7,,867,,0
13-Apr,12:00 PM,0.97,,2.2,208,6.6,,20.2,,17.9,,17,,-5.4,8,,867,,0
13-Apr,1:00 PM,0.95,,3,226,8.2,,20.6,,18.2,,16,,-6.5,7.9,,867,,0
13-Apr,2:00 PM,0.87,,3.2,266,8.6,,20.6,,18.6,,19,,-4.1,8.5,,867,,0
13-Apr,3:00 PM,0.72,,4.8,311,10.4,,20.1,,19.1,,25,,-0.8,9.3,,866,,0
13-Apr,4:00 PM,0.53,,6.4,300,10.9,,19.3,,19.7,,26,,-0.8,8.9,,866,,0
13-Apr,5:00 PM,0.31,,7.2,303,13.1,,17.8,,20.2,,26,,-1.8,8,,865,,0
13-Apr,6:00 PM,0.06,,9.6,308,15.4,,15.6,,20.7,,31,,-1.4,7.1,,865,,0
13-Apr,7:00 PM,0,,10.9,311,16.1,,13.4,,21.1,,42,,0.8,6.9,,865,,0
13-Apr,8:00 PM,0,,10.3,324,16,,12.1,,21.3,,49,,1.9,6.8,,865,,0
13-Apr,9:00 PM,0,,10.1,328,16.6,,11,,21.3,,53,,1.8,6.3,,865,,0
13-Apr,10:00 PM,0,,10,323,17.6,,10.3,,21.2,,51,,0.5,5.4,,865,,0
13-Apr,11:00 PM,0,,11,318,18.1,,9.5,,20.9,,50,,-0.5,4.6,,865,,0
13-Apr,12:00 AM,0,,12.9,310,18.8,,8.8,,20.6,,50,,-1.1,4.1,,865,,0
15-Apr,1:00 AM,0,,4.8,310,7.1,,13.6,,19.9,,22,,-7.8,4.4,,868,,0
15-Apr,2:00 AM,0,,5.3,310,8.1,,13.6,,19.6,,22,,-8,4.4,,868,,0
15-Apr,3:00 AM,0,,5.3,313,7.9,,13.5,,19.4,,21,,-8.6,4.2,,868,,0
15-Apr,4:00 AM,0,,5.9,315,9.1,,13.5,,19.1,,21,,-8.3,4.3,,868,,0
15-Apr,5:00 AM,0,,6.3,314,10,,13.3,,18.8,,22,,-8,4.2,,868,,0
15-Apr,6:00 AM,0.03,,6.4,315,9.6,,13.2,,18.6,,23,,-7.4,4.3,,869,,0
15-Apr,7:00 AM,0.21,,4.4,320,6.1,,14.9,,18.3,,20,,-7.7,5.1,,869,,0
15-Apr,8:00 AM,0.43,,2.3,331,4.6,,17.8,,18,,18,,-6.6,6.6,,870,,0
15-Apr,9:00 AM,0.64,,2.2,105,5.7,,19.1,,17.9,,18,,-5.5,7.5,,870,,0
15-Apr,10:00 AM,0.81,,2.4,124,4.8,,19.3,,17.7,,18,,-5.6,7.6,,871,,0
15-Apr,11:00 AM,0.92,,2.3,105,7.4,,20.4,,17.7,,16,,-6,8,,871,,0
15-Apr,12:00 PM,0.97,,2,183,5.3,,20.9,,17.8,,16,,-5.9,8.2,,870,,0
15-Apr,1:00 PM,0.96,,1.8,197,5.4,,21.2,,18.1,,15,,-6.2,8.2,,870,,0
15-Apr,2:00 PM,0.88,,1.8,190,5.8,,22,,18.5,,14,,-6.3,8.5,,870,,0
15-Apr,3:00 PM,0.74,,2.1,138,6,,22.4,,19.1,,14,,-6.4,8.7,,869,,0
15-Apr,4:00 PM,0.55,,2,138,6,,22.5,,19.7,,14,,-6.6,8.7,,869,,0
15-Apr,5:00 PM,0.32,,1.6,197,4.9,,21.7,,20.3,,14,,-7,8.3,,869,,0
15-Apr,6:00 PM,0.07,,1.6,241,4.1,,20.2,,20.8,,15,,-7.2,7.6,,869,,0
15-Apr,7:00 PM,0,,1.1,265,4.4,,17.7,,21.3,,18,,-7,6.5,,869,,0
15-Apr,8:00 PM,0,,1.6,278,2.5,,15.1,,21.6,,22,,-6.5,5.5,,869,,0
15-Apr,9:00 PM,0,,1.9,271,2.7,,14.7,,21.7,,20,,-8.2,4.8,,869,,0
15-Apr,10:00 PM,0,,1.2,279,1.8,,14.1,,21.6,,23,,-7,4.9,,869,,0
15-Apr,11:00 PM,0,,1.5,280,2.8,,12.6,,21.4,,26,,-6.5,4.2,,869,,0
15-Apr,12:00 AM,0,,1.9,273,2.6,,12.4,,21.1,,26,,-6.6,4.1,,869,,0
16-Apr,1:00 AM,0,,2,270,3,,12.2,,20.8,,26,,-6.6,4,,869,,0
16-Apr,2:00 AM,0,,1.8,266,2.9,,13.8,,20.4,,22,,-7.6,4.5,,869,,0
16-Apr,3:00 AM,0,,1.9,278,2.4,,11.2,,20.1,,27,,-7,3.4,,869,,0
16-Apr,4:00 AM,0,,2.5,276,3.2,,12.5,,19.7,,26,,-6.9,4.1,,869,,0
16-Apr,5:00 AM,0,,3.1,271,4.1,,14.6,,19.4,,21,,-7.3,5,,869,,0
16-Apr,6:00 AM,0.02,,2.3,276,3.4,,12.9,,19.1,,27,,-5.7,4.6,,869,,0
16-Apr,7:00 AM,0.21,,1.2,275,2.1,,17.8,,18.7,,22,,-4.3,7.2,,870,,0
16-Apr,8:00 AM,0.44,,0.7,170,2.4,,21.1,,18.4,,15,,-6.1,8.2,,870,,0
16-Apr,9:00 AM,0.65,,1.7,132,4.7,,21.3,,18.2,,16,,-5.5,8.4,,871,,0
16-Apr,10:00 AM,0.8,,1.7,186,4.7,,21.9,,18.1,,14,,-6.6,8.4,,871,,0
16-Apr,11:00 AM,0.91,,1.7,213,5.2,,22.5,,18,,13,,-6.9,8.6,,871,,0
16-Apr,12:00 PM,0.9,,2.5,138,7.4,,22.4,,18.2,,15,,-5.4,8.9,,871,,0
16-Apr,1:00 PM,0.94,,2.6,180,6.8,,22.6,,18.5,,15,,-5.7,9,,870,,0
16-Apr,2:00 PM,0.88,,2.2,201,6.4,,23.5,,18.9,,12,,-7.7,8.9,,870,,0
16-Apr,3:00 PM,0.74,,1.7,205,5.8,,23.9,,19.4,,10,,-9.4,8.7,,870,,0
16-Apr,4:00 PM,0.45,,2,184,5.2,,23.4,,20,,12,,-7.7,8.8,,869,,0
16-Apr,5:00 PM,0.29,,1.6,152,4.2,,23.3,,20.5,,13,,-6.8,9,,869,,0
16-Apr,6:00 PM,0.06,,1.4,109,4.6,,21.6,,21.1,,14,,-7.2,8.2,,869,,0
16-Apr,7:00 PM,0,,0.4,83,1.5,,19.2,,21.6,,18,,-6.2,7.4,,869,,0
16-Apr,8:00 PM,0,,0.9,290,2.4,,16.4,,21.8,,22,,-5.1,6.4,,869,,0
16-Apr,9:00 PM,0,,2.3,273,5.9,,17.9,,21.9,,17,,-7.7,6.5,,870,,0
16-Apr,10:00 PM,0,,6.1,308,10.7,,18.6,,21.8,,11,,-12,5.9,,870,,0
16-Apr,11:00 PM,0,,8.3,313,12.9,,17.5,,21.6,,15,,-9.8,5.8,,870,,0
16-Apr,12:00 AM,0,,9.2,310,14,,16.5,,21.4,,16,,-9.6,5.4,,869,,0
17-Apr,1:00 AM,0,,8.7,307,14.4,,16.2,,21.2,,14,,-11.1,4.9,,869,,0
17-Apr,2:00 AM,0,,7.5,311,11.5,,17.1,,20.9,,13,,-11.9,5.2,,869,,0
17-Apr,3:00 AM,0,,7.6,304,12.8,,16.1,,20.7,,13,,-12.1,4.8,,869,,0
17-Apr,4:00 AM,0,,9.2,306,14.1,,14.9,,20.4,,14,,-12.1,4.2,,869,,0
17-Apr,5:00 AM,0,,8.2,310,13.2,,15.7,,20.2,,16,,-10.1,4.9,,869,,0
17-Apr,6:00 AM,0.02,,8.6,303,12.4,,15.6,,20,,30,,-2.1,6.9,,870,,0
17-Apr,7:00 AM,0.09,,8.2,309,13.4,,16.2,,19.7,,39,,2.1,8.7,,870,,0
17-Apr,8:00 AM,0.39,,5.8,305,10.8,,17.9,,19.5,,37,,3,9.7,,870,,0
17-Apr,9:00 AM,0.38,,6.2,286,11.3,,18,,19.3,,39,,3.6,10,,871,,0
17-Apr,10:00 AM,0.63,,6.6,279,15.9,,18.9,,19.2,,29,,0.4,9.2,,871,,0
17-Apr,11:00 AM,0.71,,6.1,299,12.1,,19.6,,19.1,,28,,0.5,9.5,,871,,0
17-Apr,12:00 PM,0.83,,4.6,276,11.5,,20.8,,19.1,,28,,1.5,10.3,,871,,0
17-Apr,1:00 PM,0.84,,5.6,264,13.5,,21.3,,19.3,,29,,2.4,10.8,,870,,0
17-Apr,2:00 PM,0.48,,4.8,271,11.9,,21.4,,19.5,,26,,1.1,10.4,,870,,0
17-Apr,3:00 PM,0.49,,4.1,267,9.1,,21.7,,19.9,,27,,2,10.9,,870,,0
17-Apr,4:00 PM,0.42,,3.4,269,7.6,,21.7,,20.2,,28,,2.4,11,,870,,0
17-Apr,5:00 PM,0.19,,3.3,282,6.4,,21,,20.5,,28,,1.6,10.4,,870,,0
17-Apr,6:00 PM,0.07,,3.4,303,6.4,,20.2,,20.8,,30,,1.8,10.2,,870,,0
17-Apr,7:00 PM,0,,5,305,8.8,,18.7,,21.1,,35,,2.7,9.9,,870,,0
17-Apr,8:00 PM,0,,5.6,311,8.3,,18.4,,21.2,,33,,1.8,9.5,,870,,0
17-Apr,9:00 PM,0,,6.4,312,10,,17.7,,21.2,,37,,2.7,9.5,,870,,0
17-Apr,10:00 PM,0,,7,313,11.3,,16.9,,21.2,,40,,3.1,9.3,,870,,0
17-Apr,11:00 PM,0,,7.1,311,10.2,,16.8,,21.1,,37,,1.9,8.8,,870,,0
17-Apr,12:00 AM,0,,7.8,311,11.6,,15.6,,20.9,,44,,3.3,8.9,,870,,0
19-Apr,1:00 AM,0,,14.1,307,20.2,,12.4,,21.2,,47,,1.4,6.7,,869,,0
19-Apr,2:00 AM,0,,13.7,311,20.7,,11.8,,21,,48,,1.3,6.4,,869,,0
19-Apr,3:00 AM,0,,13.1,312,20.6,,11.4,,20.7,,51,,1.6,6.3,,869,,0
19-Apr,4:00 AM,0,,9.5,313,17.6,,10.8,,20.4,,57,,2.5,6.5,,869,,0
19-Apr,5:00 AM,0,,2.7,27,9.1,,10.2,,20.1,,60,,2.7,6.3,,870,,0
19-Apr,6:00 AM,0.03,,3.7,305,8.4,,10.7,,19.7,,55,,1.7,6.1,,870,,0
19-Apr,7:00 AM,0.23,,5.3,313,9,,13,,19.4,,45,,1.2,6.9,,871,,0
19-Apr,8:00 AM,0.45,,4.5,317,8.1,,14.1,,19.1,,44,,2,7.7,,872,,0
19-Apr,9:00 AM,0.65,,3.9,315,9,,15,,18.9,,43,,2.4,8.2,,873,,0
19-Apr,10:00 AM,0.82,,4.1,327,10.7,,15.6,,18.8,,42,,2.6,8.6,,873,,0
19-Apr,11:00 AM,0.93,,5.1,312,9.7,,16.9,,18.7,,38,,2.4,9.1,,873,,0
19-Apr,12:00 PM,0.98,,4.9,307,8.6,,18.5,,18.8,,32,,1.7,9.5,,873,,0
19-Apr,1:00 PM,0.96,,4.5,304,7.8,,19.8,,19,,29,,1.4,9.9,,872,,0
19-Apr,2:00 PM,0.88,,3.2,310,7.6,,21,,19.3,,27,,1.1,10.3,,872,,0
19-Apr,3:00 PM,0.74,,3.3,316,7.2,,21.1,,19.8,,26,,1.1,10.3,,872,,0
19-Apr,4:00 PM,0.56,,4.3,319,8.2,,20.7,,20.4,,26,,0.8,10,,872,,0
19-Apr,5:00 PM,0.34,,4.6,314,8.2,,20.2,,21,,26,,-0.1,9.5,,871,,0
19-Apr,6:00 PM,0.07,,4.7,312,8.2,,18.8,,21.5,,25,,-1.6,8.5,,871,,0
19-Apr,7:00 PM,0,,4.7,308,9.8,,17.8,,22,,23,,-3.5,7.5,,871,,0
19-Apr,8:00 PM,0,,7.1,321,12,,17.7,,22.2,,23,,-3.7,7.4,,871,,0
19-Apr,9:00 PM,0,,6.5,314,11.4,,17.4,,22.3,,25,,-2.7,7.5,,872,,0
19-Apr,10:00 PM,0,,6.8,303,11.1,,16.8,,22.2,,22,,-4.9,6.7,,872,,0
19-Apr,11:00 PM,0,,7.2,311,10.8,,15.7,,22.1,,24,,-5,6.1,,871,,0
19-Apr,12:00 AM,0,,8.2,311,12.5,,15,,21.8,,24,,-5.7,5.6,,871,,0
20-Apr,1:00 AM,0,,9.5,312,14.4,,14.9,,21.6,,17,,-10.5,4.5,,871,,0
20-Apr,2:00 AM,0,,10.5,306,16.3,,15.3,,21.3,,8,,-18.4,3.5,,870,,0
20-Apr,3:00 AM,0,,11.5,312,16.2,,15,,21,,8,,-18.4,3.3,,870,,0
20-Apr,4:00 AM,0,,14,306,19.8,,15,,20.7,,7,,-21.1,3,,869,,0
20-Apr,5:00 AM,0,,14.1,306,20,,14.9,,20.5,,7,,-20.9,3,,869,,0
20-Apr,6:00 AM,0.03,,13.2,302,19.8,,15.6,,20.2,,6,,-22.5,3.2,,869,,0
20-Apr,7:00 AM,0.24,,10,297,15,,16.6,,19.9,,7,,-19.6,4,,870,,0
20-Apr,8:00 AM,0.47,,4.8,271,11.7,,17.3,,19.7,,12,,-12.8,5.2,,871,,0
20-Apr,9:00 AM,0.68,,6.3,298,12.3,,18.7,,19.5,,13,,-10.7,6.2,,871,,0
20-Apr,10:00 AM,0.84,,7.6,313,13.1,,17.2,,19.4,,20,,-6,6.5,,871,,0
20-Apr,11:00 AM,0.96,,8.8,307,14.9,,18.4,,19.3,,16,,-7.9,6.6,,871,,0
20-Apr,12:00 PM,1,,5,285,11.9,,19,,19.3,,17,,-6.8,7.1,,871,,0
20-Apr,1:00 PM,0.98,,4.7,283,11.6,,19.5,,19.5,,19,,-4.8,7.8,,871,,0
20-Apr,2:00 PM,0.91,,5.7,298,12.1,,20.4,,19.9,,17,,-5.4,8.1,,870,,0
20-Apr,3:00 PM,0.76,,5.5,296,11,,20.8,,20.3,,16,,-5.6,8.2,,870,,0
20-Apr,4:00 PM,0.58,,8,306,13.3,,20.6,,20.8,,15,,-6.9,7.8,,870,,0
20-Apr,5:00 PM,0.36,,8,307,12.1,,20.4,,21.3,,15,,-7.3,7.7,,870,,0
20-Apr,6:00 PM,0.08,,8.5,316,12.7,,19.1,,21.8,,17,,-6.7,7.2,,869,,0
20-Apr,7:00 PM,0,,7.4,311,13.1,,18.3,,22.2,,19,,-5.9,7,,870,,0
20-Apr,8:00 PM,0,,8.5,313,13.9,,18,,22.4,,19,,-5.7,7,,870,,0
20-Apr,9:00 PM,0,,8.5,309,14.7,,17.9,,22.4,,20,,-5.1,7.1,,870,,0
20-Apr,10:00 PM,0,,9.9,315,14.9,,17.1,,22.3,,24,,-3.7,7.1,,870,,0
20-Apr,11:00 PM,0,,8.5,315,13.1,,16.7,,22.1,,24,,-3.9,6.9,,870,,0
20-Apr,12:00 AM,0,,7.3,314,11.9,,18.4,,21.9,,16,,-8,6.6,,871,,0
22-Apr,1:00 AM,0,,4.3,309,6.8,,16.8,,22.1,,16,,-9.4,5.6,,870,,0
22-Apr,2:00 AM,0,,5.1,310,7.3,,17.5,,21.8,,15,,-9.8,5.8,,870,,0
22-Apr,3:00 AM,0,,4.7,307,7.1,,17.3,,21.5,,14,,-10.3,5.6,,870,,0
22-Apr,4:00 AM,0,,3,295,6,,16.8,,21.2,,14,,-10.5,5.4,,869,,0
22-Apr,5:00 AM,0,,2,301,5.2,,16.2,,20.9,,15,,-10.1,5.2,,869,,0
22-Apr,6:00 AM,0.04,,1.6,282,2.7,,14.2,,20.6,,20,,-8.3,4.6,,869,,0
22-Apr,7:00 AM,0.23,,1.1,306,3.3,,19.5,,20.3,,15,,-7.5,7.2,,870,,0
22-Apr,8:00 AM,0.46,,1.3,138,3.8,,20.8,,20.1,,14,,-7.9,7.7,,871,,0
22-Apr,9:00 AM,0.67,,1.5,152,4.1,,21.5,,19.9,,13,,-7.6,8.1,,871,,0
22-Apr,10:00 AM,0.76,,1.5,149,3.6,,22.3,,19.7,,13,,-7.1,8.5,,871,,0
22-Apr,11:00 AM,0.91,,2.1,123,4.9,,23.6,,19.7,,12,,-7,9.1,,871,,0
22-Apr,12:00 PM,0.98,,2.1,112,5.7,,24.2,,19.7,,12,,-7.1,9.3,,871,,0
22-Apr,1:00 PM,0.97,,2.5,106,7.2,,24.6,,20,,12,,-7.1,9.5,,870,,0
22-Apr,2:00 PM,0.9,,1.9,206,7.1,,25.7,,20.4,,11,,-7.1,9.9,,870,,0
22-Apr,3:00 PM,0.76,,1.6,173,5,,26.2,,20.9,,10,,-7.3,10.1,,869,,0
22-Apr,4:00 PM,0.57,,1.6,222,5.3,,26,,21.5,,10,,-7.5,10,,868,,0
22-Apr,5:00 PM,0.34,,1.8,135,4.8,,25.5,,22.1,,11,,-7.7,9.7,,868,,0
22-Apr,6:00 PM,0.07,,1.5,121,4.5,,23.5,,22.7,,12,,-7.8,8.8,,868,,0
22-Apr,7:00 PM,0,,0.6,274,1.7,,19.7,,23.2,,16,,-6.7,7.5,,868,,0
22-Apr,8:00 PM,0,,1.7,276,2.2,,17.8,,23.5,,18,,-6.7,6.6,,868,,0
22-Apr,9:00 PM,0,,1.7,280,2.2,,15.8,,23.6,,21,,-6.2,5.8,,868,,0
22-Apr,10:00 PM,0,,1.8,279,2.4,,14.9,,23.5,,23,,-6.2,5.4,,868,,0
22-Apr,11:00 PM,0,,1.8,278,2.6,,15.8,,23.4,,21,,-6.7,5.7,,868,,0
22-Apr,12:00 AM,0,,1.9,281,2.9,,15,,23.1,,22,,-6.3,5.4,,867,,0
23-Apr,1:00 AM,0,,1.8,279,2.4,,14.6,,22.8,,23,,-6.2,5.3,,866,,0
23-Apr,2:00 AM,0,,1.7,276,2.5,,14.1,,22.5,,25,,-5.9,5.1,,866,,0
23-Apr,3:00 AM,0,,1.4,284,2.4,,13.7,,22.1,,28,,-4.5,5.3,,865,,0
23-Apr,4:00 AM,0,,2,278,2.7,,12.9,,21.8,,33,,-3.1,5.4,,865,,0
23-Apr,5:00 AM,0,,1.8,278,2.7,,13.9,,21.4,,32,,-2.7,5.9,,865,,0
23-Apr,6:00 AM,0.04,,1.2,273,2.3,,15.7,,21.1,,27,,-3,6.7,,865,,0
23-Apr,7:00 AM,0.13,,1.3,253,4.8,,19.6,,20.8,,21,,-3.8,8.2,,866,,0
23-Apr,8:00 AM,0.26,,2.5,269,7.3,,20.8,,20.5,,15,,-6.4,8,,866,,0
23-Apr,9:00 AM,0.56,,2.2,227,5.5,,22.7,,20.3,,13,,-7.3,8.6,,866,,0
23-Apr,10:00 AM,0.84,,3.3,249,7.4,,23.5,,20.1,,12,,-7.5,8.9,,866,,0
23-Apr,11:00 AM,0.91,,3,233,6.9,,23.6,,20.1,,14,,-5.9,9.3,,866,,0
23-Apr,12:00 PM,0.99,,3.3,255,7.7,,24.6,,20.1,,12,,-6.8,9.5,,866,,0
23-Apr,1:00 PM,0.97,,3.5,273,10.6,,25,,20.4,,13,,-5.2,10,,865,,0
23-Apr,2:00 PM,0.89,,3.5,254,11.7,,26.1,,20.8,,12,,-5.3,10.5,,865,,0
23-Apr,3:00 PM,0.74,,3.7,256,10.9,,26.4,,21.3,,12,,-5.6,10.5,,864,,0
23-Apr,4:00 PM,0.55,,4.1,270,9,,26.2,,21.8,,10,,-7.4,10.1,,864,,0
23-Apr,5:00 PM,0.33,,5.4,281,10.5,,25.1,,22.4,,12,,-6.2,9.9,,863,,0
23-Apr,6:00 PM,0.08,,4.6,285,8.8,,22.7,,22.9,,16,,-4.5,9.3,,863,,0
23-Apr,7:00 PM,0,,6.4,300,11.8,,20.3,,23.3,,21,,-2.8,8.7,,863,,0
23-Apr,8:00 PM,0,,6.6,298,12.8,,19.1,,23.6,,23,,-2.5,8.3,,864,,0
23-Apr,9:00 PM,0,,3.7,294,10.8,,18,,23.7,,22,,-3.9,7.4,,864,,0
23-Apr,10:00 PM,0,,7.1,294,15.1,,16.8,,23.6,,21,,-5.7,6.4,,863,,0
23-Apr,11:00 PM,0,,8.3,295,14.4,,16.7,,23.5,,16,,-9,5.6,,863,,0
23-Apr,12:00 AM,0,,8.4,290,17.1,,16.4,,23.2,,14,,-11.2,5,,863,,0
26-Apr,1:00 AM,0,,3.4,345,5.8,,14,,21,,32,,-2.6,6,,867,,0
26-Apr,2:00 AM,0,,2.8,320,7,,14.1,,20.8,,31,,-2.9,6,,867,,0
26-Apr,3:00 AM,0,,0.8,291,2,,12.1,,20.5,,33,,-3.8,4.8,,866,,0
26-Apr,4:00 AM,0,,2.2,302,4.3,,12.6,,20.2,,31,,-4,5,,866,,0
26-Apr,5:00 AM,0,,3,274,5.4,,13.8,,19.9,,28,,-4.4,5.4,,866,,0
26-Apr,6:00 AM,0.03,,1.4,329,2.9,,11.9,,19.7,,34,,-3.6,4.7,,866,,0
26-Apr,7:00 AM,0.24,,1,317,2.8,,15.8,,19.3,,27,,-3.5,6.6,,866,,0
26-Apr,8:00 AM,0.45,,1.1,144,4.4,,19.3,,19.1,,20,,-4.3,7.9,,867,,0
26-Apr,9:00 AM,0.58,,1.4,154,4.3,,18.8,,18.9,,24,,-2.2,8.3,,868,,0
26-Apr,10:00 AM,0.8,,2.4,205,5.5,,19.6,,18.8,,22,,-3,8.4,,868,,0
26-Apr,11:00 AM,0.92,,2.7,236,7,,20.5,,18.8,,22,,-1.8,9.1,,868,,0
26-Apr,12:00 PM,0.97,,3.2,260,8.7,,21.1,,18.9,,22,,-1.5,9.4,,867,,0
26-Apr,1:00 PM,0.88,,3.4,273,9.4,,21.5,,19.1,,23,,-0.5,9.9,,866,,0
26-Apr,2:00 PM,0.7,,3.1,274,7.7,,21.9,,19.6,,24,,0.5,10.4,,866,,0
26-Apr,3:00 PM,0.41,,3.6,274,9.5,,21.4,,20.1,,25,,0.8,10.3,,865,,0
26-Apr,4:00 PM,0.3,,4.1,280,7.8,,21.3,,20.7,,26,,1.2,10.4,,864,,0
26-Apr,5:00 PM,0.27,,3,269,7.2,,21.7,,21.1,,27,,2,10.8,,864,,0
26-Apr,6:00 PM,0.09,,4.6,267,10.5,,20,,21.5,,34,,3.6,10.7,,864,,0
26-Apr,7:00 PM,0,,2.5,62,8.6,,17.9,,21.8,,41,,4.6,10.4,,863,,0
26-Apr,8:00 PM,0,,3.2,284,9.7,,17,,22,,45,,4.9,10.2,,863,,0
26-Apr,9:00 PM,0,,7.2,321,13.5,,16.9,,22.1,,45,,4.9,10.1,,863,,0
26-Apr,10:00 PM,0,,9.5,318,18.6,,17.4,,22,,41,,4.1,10,,862,,0
26-Apr,11:00 PM,0,,11.6,321,19.8,,16.5,,21.9,,44,,4.1,9.6,,862,,0
26-Apr,12:00 AM,0,,12.7,315,19.8,,16.4,,21.7,,41,,2.9,9.1,,862,,0
27-Apr,1:00 AM,0,,12.3,318,19.6,,16.4,,21.5,,36,,1.1,8.4,,861,,0
27-Apr,2:00 AM,0,,12.6,318,17.3,,15.2,,21.3,,41,,2.1,8.3,,861,,0
27-Apr,3:00 AM,0,,12.8,315,18.5,,14.5,,21.1,,44,,2.4,8,,861,,0
27-Apr,4:00 AM,0,,12.3,314,17.5,,13.6,,20.9,,49,,3.1,8,,861,,0
27-Apr,5:00 AM,0,,11.2,307,17.3,,13,,20.6,,51,,3.2,7.7,,861,,0
27-Apr,6:00 AM,0.05,,10.5,306,16,,13.6,,20.4,,48,,2.7,7.8,,861,,0
27-Apr,7:00 AM,0.24,,9.8,309,15.1,,14.9,,20.2,,43,,2.4,8.2,,863,,0
27-Apr,8:00 AM,0.46,,8.8,314,14.5,,16.3,,19.9,,34,,0.6,8.1,,864,,0
27-Apr,9:00 AM,0.67,,7.6,313,13.7,,17.4,,19.8,,29,,-0.9,8.1,,864,,0
27-Apr,10:00 AM,0.82,,6,311,10.9,,18.7,,19.6,,28,,-0.4,8.8,,864,,0
27-Apr,11:00 AM,0.92,,4.5,343,9.7,,19.8,,19.6,,28,,0.7,9.6,,864,,0
27-Apr,12:00 PM,0.78,,4.6,335,10.1,,20.6,,19.7,,26,,0.7,9.9,,864,,0
27-Apr,1:00 PM,0.78,,4.2,289,12.5,,21.5,,19.9,,18,,-3.6,9,,863,,0
27-Apr,2:00 PM,0.6,,5.7,311,14.2,,21.2,,20.3,,15,,-6.6,8.2,,863,,0
27-Apr,3:00 PM,0.45,,5.5,307,12.3,,21,,20.7,,17,,-5.3,8.4,,862,,0
27-Apr,4:00 PM,0.58,,6,301,11.3,,21.4,,21.2,,20,,-2.6,9.2,,862,,0
27-Apr,5:00 PM,0.35,,6.2,310,11.2,,21,,21.6,,22,,-1.8,9.3,,862,,0
27-Apr,6:00 PM,0.1,,4.6,298,10.2,,19.6,,21.9,,25,,-0.9,9,,862,,0
27-Apr,7:00 PM,0.01,,5.2,298,11.8,,17.9,,22.2,,29,,-0.5,8.4,,861,,0
27-Apr,8:00 PM,0,,9.4,307,14.8,,15.8,,22.4,,31,,-1.3,7.3,,861,,0
27-Apr,9:00 PM,0,,10.4,308,16.5,,14.7,,22.5,,35,,-0.5,7.1,,861,,0
27-Apr,10:00 PM,0,,12.7,308,18.4,,14.2,,22.4,,38,,0.2,7.1,,860,,0
27-Apr,11:00 PM,0,,12.5,311,17.2,,13.7,,22.2,,41,,0.8,7.1,,860,,0
27-Apr,12:00 AM,0,,11.9,314,18.2,,13.2,,22,,43,,0.9,6.9,,860,,0
29-Apr,1:00 AM,0,,4.7,91,11.8,,9.2,,21,,22,,-11.4,1.4,,868,,0
29-Apr,2:00 AM,0,,7.2,294,18.3,,8.9,,20.7,,23,,-11.2,1.3,,868,,0
29-Apr,3:00 AM,0,,3.2,338,11,,8.7,,20.4,,23,,-11.2,1.2,,868,,0
29-Apr,4:00 AM,0,,4.5,294,15.9,,8.7,,20,,24,,-11,1.2,,868,,0
29-Apr,5:00 AM,0,,3.4,177,12.9,,8.4,,19.7,,24,,-10.8,1.1,,868,,0
29-Apr,6:00 AM,0.05,,3.5,11,13.2,,8.5,,19.4,,25,,-10.4,1.2,,869,,0
29-Apr,7:00 AM,0.27,,5,318,17.3,,9.6,,19,,24,,-10,1.9,,870,,0
29-Apr,8:00 AM,0.5,,5.4,303,13.7,,10.2,,18.7,,24,,-9.7,2.3,,871,,0
29-Apr,9:00 AM,0.7,,4.5,267,15.2,,11,,18.5,,23,,-9.4,2.7,,871,,0
29-Apr,10:00 AM,0.86,,4.6,302,14.1,,12.1,,18.3,,21,,-9.3,3.3,,871,,0
29-Apr,11:00 AM,0.97,,6.2,267,19.7,,13.1,,18.2,,20,,-9.7,3.7,,872,,0
29-Apr,12:00 PM,1.01,,7.3,286,18.7,,14.2,,18.2,,18,,-10,4.3,,872,,0
29-Apr,1:00 PM,0.99,,4.1,33,12.4,,15.5,,18.3,,16,,-10.3,4.8,,872,,0
29-Apr,2:00 PM,0.92,,3.8,115,11.1,,16.7,,18.6,,14,,-10.9,5.2,,871,,0
29-Apr,3:00 PM,0.78,,3.7,211,10.9,,17.4,,19.1,,13,,-11,5.6,,871,,0
29-Apr,4:00 PM,0.59,,3.5,262,10.8,,17.7,,19.6,,13,,-11.2,5.7,,871,,0
29-Apr,5:00 PM,0.38,,4.1,265,11.4,,17.9,,20.2,,12,,-11.4,5.7,,871,,0
29-Apr,6:00 PM,0.11,,2.7,245,10.9,,17.2,,20.7,,13,,-11.8,5.3,,871,,0
29-Apr,7:00 PM,0,,2.1,217,6,,15.9,,21.2,,13,,-12.5,4.6,,871,,0
29-Apr,8:00 PM,0,,2.7,260,6.9,,15.6,,21.4,,12,,-13.2,4.3,,872,,0
29-Apr,9:00 PM,0,,1.8,256,6.6,,15.1,,21.5,,13,,-13.2,4.1,,872,,0
29-Apr,10:00 PM,0,,0.9,278,2,,12.8,,21.4,,16,,-12.7,3,,873,,0
29-Apr,11:00 PM,0,,1.4,284,2.7,,10.3,,21.3,,20,,-11.5,2,,873,,0
29-Apr,12:00 AM,0,,1.7,300,3.2,,11,,21,,19,,-11.7,2.3,,873,,0
30-Apr,1:00 AM,0,,1.3,306,3.1,,11.4,,20.7,,18,,-12,2.4,,873,,0
30-Apr,2:00 AM,0,,2.1,302,3.7,,10.6,,20.4,,19,,-11.9,2,,873,,0
30-Apr,3:00 AM,0,,1.8,11,3.4,,12.1,,20.1,,16,,-12.8,2.7,,873,,0
30-Apr,4:00 AM,0,,1.7,347,4,,12.5,,19.8,,16,,-12.5,2.9,,873,,0
30-Apr,5:00 AM,0,,1.4,282,2.6,,8.5,,19.4,,24,,-11.1,1.1,,872,,0
30-Apr,6:00 AM,0.05,,1.3,282,2.4,,8.6,,19.1,,26,,-9.7,1.4,,873,,0
30-Apr,7:00 AM,0.27,,0.7,53,2.1,,16.5,,18.7,,16,,-9.6,5.4,,873,,0
30-Apr,8:00 AM,0.49,,1,87,2.8,,18.6,,18.4,,13,,-10.4,6.2,,874,,0
30-Apr,9:00 AM,0.69,,1.4,216,5,,19.6,,18.2,,12,,-10.4,6.7,,875,,0
30-Apr,10:00 AM,0.86,,2,240,6.6,,20.1,,18.1,,11,,-11.2,6.8,,875,,0
30-Apr,11:00 AM,0.96,,2.5,287,6.5,,20.9,,18,,10,,-12.2,6.9,,875,,0
30-Apr,12:00 PM,1.01,,3,230,6.9,,21.2,,18.1,,10,,-11.4,7.2,,874,,0
30-Apr,1:00 PM,0.99,,2.4,194,6.8,,21.8,,18.4,,10,,-11.6,7.4,,873,,0
30-Apr,2:00 PM,0.91,,2.4,277,7.3,,22.9,,18.9,,9,,-12,7.8,,872,,0
30-Apr,3:00 PM,0.77,,2.5,273,7.7,,23,,19.5,,9,,-12.1,7.9,,872,,0
30-Apr,4:00 PM,0.59,,2.4,282,7,,23,,20.2,,9,,-12.2,7.9,,871,,0
30-Apr,5:00 PM,0.38,,3,283,7,,22.9,,20.9,,9,,-11.7,7.9,,871,,0
30-Apr,6:00 PM,0.11,,2.9,287,6.4,,21.4,,21.5,,10,,-12,7.2,,870,,0
30-Apr,7:00 PM,0,,2.6,292,5.1,,19.1,,22.1,,11,,-11.9,6.2,,870,,0
30-Apr,8:00 PM,0,,2.7,296,4.1,,17.6,,22.4,,12,,-11.7,5.5,,870,,0
30-Apr,9:00 PM,0,,3.2,286,5.3,,17.3,,22.5,,13,,-11.7,5.4,,870,,0
30-Apr,10:00 PM,0,,2.9,288,5.5,,19,,22.5,,12,,-11.3,6.3,,870,,0
30-Apr,11:00 PM,0,,3.9,318,7,,18,,22.3,,16,,-7.9,6.4,,870,,0
30-Apr,12:00 AM,0,,4.9,335,7.8,,17.7,,22.1,,18,,-6.9,6.5,,870,,0
1-May,1:00 AM,0,,4.4,295,7.6,,16.9,,21.9,,19,,-7,6.2,,870,,0
1-May,2:00 AM,0,,7.3,305,11.6,,17.3,,21.6,,18,,-7,6.4,,869,,0
1-May,3:00 AM,0,,7.8,317,11.3,,17.7,,21.4,,17,,-7.4,6.4,,869,,0
1-May,4:00 AM,0,,6.1,319,8.8,,18,,21.1,,16,,-8,6.4,,870,,0
1-May,5:00 AM,0,,4.2,315,6.9,,18.6,,20.9,,15,,-8.9,6.5,,870,,0
1-May,6:00 AM,0.05,,5.4,315,12.7,,19.3,,20.6,,14,,-8.9,6.8,,870,,0
1-May,7:00 AM,0.27,,6.5,315,11.6,,20.1,,20.4,,15,,-7.7,7.4,,871,,0
1-May,8:00 AM,0.49,,7.1,308,12.4,,20.4,,20.2,,18,,-5.1,8.1,,871,,0
1-May,9:00 AM,0.69,,6.3,312,13.6,,20.9,,20,,17,,-4.7,8.5,,871,,0
1-May,10:00 AM,0.85,,5.6,311,12.2,,22,,19.9,,15,,-5.7,8.7,,871,,0
1-May,11:00 AM,0.95,,4.4,309,10.2,,22.9,,19.9,,14,,-5.8,9,,871,,0
1-May,12:00 PM,1,,5.9,322,11.4,,23,,20,,14,,-6.2,9,,871,,0
1-May,1:00 PM,0.98,,3.6,313,8.8,,23.7,,20.2,,13,,-6.7,9.2,,870,,0
1-May,2:00 PM,0.91,,3.4,267,12,,23.7,,20.7,,12,,-7.4,9,,870,,0
1-May,3:00 PM,0.77,,3.4,253,11.4,,24.3,,21.3,,12,,-6.6,9.5,,869,,0
1-May,4:00 PM,0.59,,3.4,245,10.3,,24.4,,21.9,,12,,-7,9.4,,868,,0
1-May,5:00 PM,0.37,,3,220,10.1,,24.3,,22.6,,12,,-7.2,9.3,,868,,0
1-May,6:00 PM,0.11,,3.3,211,11.9,,23.3,,23.2,,12,,-7.5,8.9,,868,,0
1-May,7:00 PM,0,,2.2,194,7.9,,22.3,,23.6,,13,,-7.5,8.4,,868,,0
1-May,8:00 PM,0,,2.9,199,12.7,,22.2,,23.9,,13,,-7.5,8.4,,868,,0
1-May,9:00 PM,0,,2.2,145,5.6,,21.2,,24,,14,,-7.7,7.9,,869,,0
1-May,10:00 PM,0,,1.5,235,5.3,,20.1,,23.9,,15,,-7.4,7.5,,869,,0
1-May,11:00 PM,0,,1.4,282,2.7,,16.8,,23.8,,20,,-6.5,6.2,,869,,0
1-May,12:00 AM,0,,1.3,291,2.7,,16.2,,23.5,,21,,-6.3,6,,869,,0
3-May,1:00 AM,0,,5.9,316,8.4,,22.1,,24.3,,24,,0.6,10.5,,870,,0
3-May,2:00 AM,0,,3.9,324,6.1,,21.7,,24,,25,,0.6,10.4,,870,,0
3-May,3:00 AM,0,,3.9,313,8.8,,21.1,,23.8,,25,,0.3,10,,870,,0
3-May,4:00 AM,0,,4.8,314,8.8,,21.4,,23.5,,23,,-0.5,9.9,,870,,0
3-May,5:00 AM,0,,6.8,316,10.9,,20.9,,23.2,,24,,-0.3,9.7,,870,,0
3-May,6:00 AM,0.06,,2.5,6,8,,21.9,,23,,20,,-2.3,9.5,,871,,0
3-May,7:00 AM,0.27,,1.6,71,3.5,,24.2,,22.7,,18,,-2,10.5,,871,,0
3-May,8:00 AM,0.49,,1.9,132,4.6,,25,,22.4,,17,,-1.7,10.9,,872,,0
3-May,9:00 AM,0.68,,1.5,96,4.4,,25.9,,22.3,,16,,-2.2,11.2,,872,,0
3-May,10:00 AM,0.83,,1.7,127,6.4,,26.5,,22.1,,14,,-2.7,11.2,,873,,0
3-May,11:00 AM,0.94,,1.8,45,5.2,,27.2,,22.1,,14,,-2.6,11.6,,873,,0
3-May,12:00 PM,0.97,,2.3,92,6,,27.7,,22.2,,14,,-2.5,11.8,,872,,0
3-May,1:00 PM,0.96,,1.8,213,5.4,,28.2,,22.5,,14,,-2.3,12,,872,,0
3-May,2:00 PM,0.88,,2,173,6,,29,,23,,13,,-2,12.4,,871,,0
3-May,3:00 PM,0.76,,1.7,151,5.5,,29.6,,23.6,,13,,-1.9,12.6,,871,,0
3-May,4:00 PM,0.58,,1.7,51,5.4,,29.2,,24.2,,13,,-2.3,12.3,,870,,0
3-May,5:00 PM,0.37,,2.4,353,5.7,,28.6,,24.9,,13,,-2.7,12,,870,,0
3-May,6:00 PM,0.11,,3.3,297,7.1,,27,,25.5,,14,,-3,11.3,,871,,0
3-May,7:00 PM,0,,3.5,315,6.2,,25.4,,26,,15,,-3.2,10.7,,871,,0
3-May,8:00 PM,0,,4.1,322,6.3,,24.5,,26.3,,16,,-3,10.4,,871,,0
3-May,9:00 PM,0,,2.3,57,4.7,,23.9,,26.4,,15,,-4.3,9.8,,872,,0
3-May,10:00 PM,0,,2.7,45,5.4,,23.4,,26.4,,14,,-5.2,9.4,,872,,0
3-May,11:00 PM,0,,2.5,38,4.4,,23.1,,26.2,,16,,-4.5,9.4,,872,,0
3-May,12:00 AM,0,,2.1,39,3.3,,22.7,,26,,17,,-3.9,9.4,,872,,0
4-May,1:00 AM,0,,1.2,20,3,,20.8,,25.7,,20,,-3,8.9,,872,,0
4-May,2:00 AM,0,,1.2,316,2.7,,19.1,,25.4,,23,,-2.4,8.3,,871,,0
4-May,3:00 AM,0,,1.3,296,2.5,,18.5,,25.1,,24,,-2.6,8,,871,,0
4-May,4:00 AM,0,,1.7,284,2.5,,17.8,,24.8,,24,,-3.1,7.6,,871,,0
4-May,5:00 AM,0,,1.6,284,2.6,,18,,24.4,,22,,-4.3,7.4,,871,,0
4-May,6:00 AM,0.06,,1.6,286,2.3,,17.6,,24.1,,25,,-2.9,7.6,,872,,0
4-May,7:00 AM,0.28,,0.9,231,2,,24.8,,23.6,,16,,-3.3,10.4,,872,,0
4-May,8:00 AM,0.5,,0.5,183,1.9,,27.9,,23.3,,12,,-3.7,11.5,,872,,0
4-May,9:00 AM,0.7,,1.5,155,4.8,,27.7,,23.1,,13,,-3.6,11.5,,872,,0
4-May,10:00 AM,0.86,,1.7,287,4.6,,28.4,,22.9,,12,,-3.5,11.7,,872,,0
4-May,11:00 AM,0.96,,1.8,225,5.6,,29.1,,22.8,,12,,-3.8,12,,872,,0
4-May,12:00 PM,1,,2.5,145,6.7,,29,,22.9,,11,,-4,11.9,,871,,0
4-May,1:00 PM,0.98,,2,151,6.3,,29.5,,23.2,,11,,-4.1,12,,871,,0
4-May,2:00 PM,0.9,,2.7,266,6.6,,30.3,,23.7,,10,,-4.1,12.3,,870,,0
4-May,3:00 PM,0.77,,2.3,147,7.1,,30,,24.3,,10,,-4.6,12.1,,870,,0
4-May,4:00 PM,0.59,,1.8,171,5.8,,30.2,,25,,10,,-5,12.1,,869,,0
4-May,5:00 PM,0.38,,1.4,213,4.9,,30.4,,25.6,,9,,-6.3,11.9,,869,,0
4-May,6:00 PM,0.11,,0.9,151,3.3,,29,,26.3,,10,,-6.2,11.4,,869,,0
4-May,7:00 PM,0,,0.7,283,1.8,,25.1,,26.8,,13,,-5.3,10,,869,,0
4-May,8:00 PM,0,,1.3,282,1.9,,22.1,,27.1,,18,,-3.7,9.2,,869,,0
4-May,9:00 PM,0,,1.5,282,2.1,,20.5,,27.2,,21,,-2.6,8.9,,869,,0
4-May,10:00 PM,0,,1.3,265,2.9,,21.5,,27.1,,19,,-3,9.2,,869,,0
4-May,11:00 PM,0,,1.2,276,2.1,,20.7,,26.9,,23,,-1.2,9.4,,869,,0
4-May,12:00 AM,0,,1.9,275,4.1,,20.7,,26.6,,26,,0.6,9.9,,869,,0
