"","Date","mean.Solar","mean.Wind","mean.MaxWind","mean.Temp","PlantID","SecondaryID","Cam","treatment","flowering","TimeOut","flowers.shrub","flowers.pot","het.shrub.blooming.neighbours","het.cactus.blooming.neighbours","understory.richness","het.annual.floral.density","understory.assoc","uniID","total.visits","Length","pos.Length","dec.Length","visits.per.hour","total.flowers","flowers.per.hour"
"1","4.10.2017",0.7625,5.15,9.775,18.35,"146","","LO1","open","pre","13:06",0,"18",0,0,5,0,"NO","LO14.10.2017",20,"1:22:51",2019-09-24 01:22:51,1.38083333333333,14.4840072420036,40,28.9680144840072
"2","4.10.2017",0.7625,5.15,9.775,18.35,"146","","LS1","shrub","pre","13:06",0,"11",0,0,3,1,"NO","LS14.10.2017",7,"1:37:04",2019-09-24 01:37:04,1.61777777777778,4.32692307692308,10,6.18131868131868
"3","4.10.2017",0.7625,5.15,9.775,18.35,"193","","LO2","open","pre","13:08",0,"8",0,0,3,1,"NO","LO24.10.2017",24,"1:30:48",2019-09-24 01:30:48,1.51333333333333,15.8590308370044,33,21.8061674008811
"4","4.10.2017",0.7625,5.15,9.775,18.35,"193","","LS2","shrub","pre","13:08",0,"12",0,0,4,0,"NO","LS24.10.2017",8,"1:40:22",2019-09-24 01:40:22,1.67277777777778,4.78246429757556,9,5.3802723347725
"5","4.10.2017",0.7625,5.15,9.775,18.35,"187","","LO3","open","pre","13:13",0,"12",0,0,4,19,"NO","LO34.10.2017",10,"0:52:39",2019-09-24 00:52:39,0.8775,11.3960113960114,14,15.954415954416
"6","4.10.2017",0.7625,5.15,9.775,18.35,"187","","LS3","shrub","pre","13:13",0,"15",0,0,4,2,"NO","LS34.10.2017",5,"0:43:00",2019-09-24 00:43:00,0.716666666666667,6.97674418604651,5,6.97674418604651
"7","4.10.2017",0.7625,5.15,9.775,18.35,"288","","LO4","open","pre","13:17",0,"7",1,0,3,0,"NO","LO44.10.2017",8,"0:39:39",2019-09-24 00:39:39,0.660833333333333,12.1059268600252,8,12.1059268600252
"8","4.10.2017",0.7625,5.15,9.775,18.35,"288","","LS4","shrub","pre","13:17",0,"8",1,0,3,0,"NO","LS44.10.2017",4,"0:45:38",2019-09-24 00:45:38,0.760555555555556,5.25931336742148,4,5.25931336742148
"9","4.10.2017",0.7625,5.15,9.775,18.35,"266","","LS5","shrub","pre","13:27",0,"5",0,0,2,0,"NO","LS54.10.2017",3,"0:47:32",2019-09-24 00:47:32,0.792222222222222,3.78681626928471,4,5.04908835904628
"10","4.10.2017",0.7625,5.15,9.775,18.35,"273","","LO6","open","pre","13:22",0,"10",2,0,2,0,"NO","LO64.10.2017",11,"0:58:29",2019-09-24 00:58:29,0.974722222222222,11.2852664576803,16,16.4149330293531
"11","4.10.2017",0.7625,5.15,9.775,18.35,"273","","LS6","shrub","pre","13:22",0,"10",2,0,3,3,"NO","LS64.10.2017",5,"1:17:59",2019-09-24 01:17:59,1.29972222222222,3.8469758495405,5,3.8469758495405
"12","4.11.2017",0.61,6.325,11.5375,18.575,"265","","LO1","open","pre","13:26",0,"11",4,0,3,0,"NO","LO14.11.2017",4,"1:34:53",2019-09-24 01:34:53,1.58138888888889,2.52942209731249,6,3.79413314596873
"13","4.11.2017",0.61,6.325,11.5375,18.575,"289","","LO3","open","pre","13:16",0,"7",0,0,2,1,"NO","LO34.11.2017",0,"0:56:10",2019-09-24 00:56:10,0.936111111111111,0,0,0
"14","4.11.2017",0.61,6.325,11.5375,18.575,"191","","LO4","open","pre","13:12",0,"11",0,0,2,0,"NO","LO44.11.2017",2,"0:43:38",2019-09-24 00:43:38,0.727222222222222,2.7501909854851,3,4.12528647822765
"15","4.11.2017",0.61,6.325,11.5375,18.575,"196","","LO5","open","pre","13:05",2,"8",0,0,3,12,"NO","LO54.11.2017",6,"1:15:43",2019-09-24 01:15:43,1.26194444444444,4.75456746643187,6,4.75456746643187
"16","4.11.2017",0.61,6.325,11.5375,18.575,"194","","LO6","open","pre","13:00",0,"9",0,0,2,0,"NO","LO64.11.2017",11,"1:16:46",2019-09-24 01:16:46,1.27944444444444,8.59748154580981,14,10.9422492401216
"17","4.11.2017",0.61,6.325,11.5375,18.575,"265","","LS1","shrub","pre","13:26",0,"9",4,0,3,1,"NO","LS14.11.2017",9,"1:38:30",2019-09-24 01:38:30,1.64166666666667,5.48223350253807,12,7.30964467005076
"18","4.11.2017",0.61,6.325,11.5375,18.575,"275","","LS2","shrub","pre","13:21",1,"8",0,0,3,0,"NO","LS24.11.2017",5,"1:42:01",2019-09-24 01:42:01,1.70027777777778,2.94069596471165,5,2.94069596471165
"19","4.11.2017",0.61,6.325,11.5375,18.575,"289","","LS3","shrub","pre","13:16",0,"8",0,0,5,0,"ephedra","LS34.11.2017",1,"0:31:34",2019-09-24 00:31:34,0.526111111111111,1.90073917634636,1,1.90073917634636
"20","4.11.2017",0.61,6.325,11.5375,18.575,"191","","LS4","shrub","pre","13:12",0,"10",0,0,4,0,"NO","LS44.11.2017",2,"0:57:04",2019-09-24 00:57:04,0.951111111111111,2.10280373831776,2,2.10280373831776
"21","4.11.2017",0.61,6.325,11.5375,18.575,"194","","LS6","shrub","pre","13:00",0,"10",0,0,3,2,"NO","LS64.11.2017",7,"1:08:22",2019-09-24 01:08:22,1.13944444444444,6.14334470989761,13,11.4090687469527
"22","4.12.2017",0.75875,6.6625,11.3625,18.6125,"263","","LO1","open","pre","12:37",0,"7",0,0,2,0,"NO","LO14.12.2017",8,"1:32:40",2019-09-24 01:32:40,1.54444444444444,5.17985611510791,18,11.6546762589928
"23","4.12.2017",0.75875,6.6625,11.3625,18.6125,"272","","LO2","open","pre","12:42",0,"9",0,0,2,2,"NO","LO24.12.2017",4,"1:28:50",2019-09-24 01:28:50,1.48055555555556,2.70168855534709,5,3.37711069418386
"24","4.12.2017",0.75875,6.6625,11.3625,18.6125,"296","","LO3","open","pre","12:28",1,"6",0,0,1,0,"NO","LO34.12.2017",6,"1:12:10",2019-09-24 01:12:10,1.20277777777778,4.98845265588915,13,10.8083140877598
"25","4.12.2017",0.75875,6.6625,11.3625,18.6125,"190","","LO4","open","pre","12:33",0,"13",0,0,3,1,"NO","LO44.12.2017",6,"1:05:33",2019-09-24 01:05:33,1.0925,5.49199084668192,8,7.32265446224256
"26","4.12.2017",0.75875,6.6625,11.3625,18.6125,"189","","LO5","open","pre","12:18",1,"15",0,0,2,1,"NO","LO54.12.2017",8,"1:17:13",2019-09-24 01:17:13,1.28694444444444,6.21627455212605,14,10.8784804662206
"27","4.12.2017",0.75875,6.6625,11.3625,18.6125,"293","","LO6","open","pre","12:12",0,"6",2,0,4,16,"NO","LO64.12.2017",4,"1:18:33",2019-09-24 01:18:33,1.30916666666667,3.05537873965627,4,3.05537873965627
"28","4.12.2017",0.75875,6.6625,11.3625,18.6125,"263","","LS1","shrub","pre","12:37",0,"6",0,0,2,0,"silver.cholla","LS14.12.2017",2,"1:28:14",2019-09-24 01:28:14,1.47055555555556,1.36003022289384,3,2.04004533434076
"29","4.12.2017",0.75875,6.6625,11.3625,18.6125,"272","","LS2","shrub","pre","12:42",0,"9",1,0,3,3,"amb.sal, turp, acamp","LS24.12.2017",2,"1:40:05",2019-09-24 01:40:05,1.66805555555556,1.19900083263947,4,2.39800166527893
"30","4.12.2017",0.75875,6.6625,11.3625,18.6125,"296","","LS3","shrub","pre","12:28",1,"6",1,0,3,24,"ephedra","LS34.12.2017",13,"1:07:06",2019-09-24 01:07:06,1.11833333333333,11.6244411326379,16,14.3070044709389
"31","4.12.2017",0.75875,6.6625,11.3625,18.6125,"190","","LS4","shrub","pre","12:33",0,"11",1,0,4,14,"NO","LS44.12.2017",5,"0:56:18",2019-09-24 00:56:18,0.938333333333333,5.32859680284192,8,8.52575488454707
"32","4.12.2017",0.75875,6.6625,11.3625,18.6125,"189","","LS5","shrub","pre","12:18",1,"15",1,0,4,0,"NO","LS54.12.2017",8,"1:05:49",2019-09-24 01:05:49,1.09694444444444,7.29298556596607,11,10.0278551532033
"33","4.12.2017",0.75875,6.6625,11.3625,18.6125,"293","","LS6","shrub","pre","12:12",0,"7",1,0,3,0,"NO","LS64.12.2017",0,"1:07:30",2019-09-24 01:07:30,1.125,0,0,0
"34","4.13.2017",0.76,6.1125,10.675,18.5625,"262","","LO1","open","pre","11:12",0,"7",2,0,3,0,"NO","LO14.13.2017",7,"1:32:24",2019-09-24 01:32:24,1.54,4.54545454545454,7,4.54545454545454
"35","4.13.2017",0.76,6.1125,10.675,18.5625,"180","","LO2","open","pre","11:22",0,"7",0,0,3,1,"NO","LO24.13.2017",8,"1:32:33",2019-09-24 01:32:33,1.5425,5.18638573743922,8,5.18638573743922
"36","4.13.2017",0.76,6.1125,10.675,18.5625,"186","","LO3","open","pre","11:39",0,"7",1,0,4,2,"no","LO34.13.2017",7,"1:02:41",2019-09-24 01:02:41,1.04472222222222,6.70034565275193,8,7.65753788885934
"37","4.13.2017",0.76,6.1125,10.675,18.5625,"192","","LO4","open","pre","11:47",0,"8",1,0,3,0,"no","LO44.13.2017",15,"0:59:46",2019-09-24 00:59:46,0.996111111111111,15.058561070831,17,17.0663692136085
"38","4.13.2017",0.76,6.1125,10.675,18.5625,"199","","LO5","open","pre","12:03",1,"11",0,0,2,0,"no","LO54.13.2017",9,"1:16:44",2019-09-24 01:16:44,1.27888888888889,7.03735881841877,9,7.03735881841877
"39","4.13.2017",0.76,6.1125,10.675,18.5625,"300","","LO6","open","pre","12:08",0,"8",0,0,2,19,"no","LO64.13.2017",4,"1:14:12",2019-09-24 01:14:12,1.23666666666667,3.2345013477089,4,3.2345013477089
"40","4.13.2017",0.76,6.1125,10.675,18.5625,"262","","LS1","shrub","pre","11:12",0,"7",2,0,2,0,"no","LS14.13.2017",5,"1:37:21",2019-09-24 01:37:21,1.6225,3.08166409861325,5,3.08166409861325
"41","4.13.2017",0.76,6.1125,10.675,18.5625,"180","","LS2","shrub","pre","11:22",0,"7",2,0,4,1,"acamp","LS24.13.2017",3,"1:42:07",2019-09-24 01:42:07,1.70194444444444,1.76268973396442,4,2.35025297861923
"42","4.13.2017",0.76,6.1125,10.675,18.5625,"186","","LS3","shrub","pre","11:39",0,"7",2,0,4,14,"acamp","LS34.13.2017",3,"1:01:54",2019-09-24 01:01:54,1.03166666666667,2.90791599353796,3,2.90791599353796
"43","4.13.2017",0.76,6.1125,10.675,18.5625,"192","","LS4","shrub","pre","11:47",0,"8",0,0,2,0,"no","LS44.13.2017",1,"0:52:21",2019-09-24 00:52:21,0.8725,1.14613180515759,1,1.14613180515759
"44","4.13.2017",0.76,6.1125,10.675,18.5625,"199","","LS5","shrub","pre","12:03",1,"11",0,0,1,0,"no","LS54.13.2017",20,"1:01:09",2019-09-24 01:01:09,1.01916666666667,19.6238757154538,32,31.3982011447261
"45","4.13.2017",0.76,6.1125,10.675,18.5625,"300","","LS6","shrub","pre","12:08",0,"8",0,0,2,7,"no","LS64.13.2017",4,"1:05:26",2019-09-24 01:05:26,1.09055555555556,3.66785532348446,4,3.66785532348446
"46","4.14.2017",0.767142857142857,6.24285714285714,11.7857142857143,15.8857142857143,"268","","LO1","open","pre","14:17",3,"7",0,0,3,0,"no","LO14.14.2017",27,"1:20:35",2019-09-24 01:20:35,1.34305555555556,20.1034126163392,54,40.2068252326784
"47","4.14.2017",0.767142857142857,6.24285714285714,11.7857142857143,15.8857142857143,"269","","LO2","open","pre","14:22",1,"9",0,0,1,0,"no","LO24.14.2017",2,"1:15:42",2019-09-24 01:15:42,1.26166666666667,1.58520475561427,2,1.58520475561427
"48","4.14.2017",0.767142857142857,6.24285714285714,11.7857142857143,15.8857142857143,"184","","LO3","open","pre","14:32",1,"10",0,0,2,0,"no","LO34.14.2017",0,"1:06:14",2019-09-24 01:06:14,1.10388888888889,0,0,0
"49","4.14.2017",0.767142857142857,6.24285714285714,11.7857142857143,15.8857142857143,"188","","LO4","open","pre","14:38",0,"8",0,0,2,0,"no","LO44.14.2017",3,"1:04:34",2019-09-24 01:04:34,1.07611111111111,2.787816210635,4,3.71708828084667
"50","4.14.2017",0.767142857142857,6.24285714285714,11.7857142857143,15.8857142857143,"197","","LO5","open","pre","14:46",1,"8",0,0,3,0,"no","LO54.14.2017",0,"1:15:42",2019-09-24 01:15:42,1.26166666666667,0,0,0
"51","4.14.2017",0.767142857142857,6.24285714285714,11.7857142857143,15.8857142857143,"195","","LO6","open","pre","14:51",1,"15",1,0,2,0,"no","LO64.14.2017",2,"1:14:39",2019-09-24 01:14:39,1.24416666666667,1.60750167448091,2,1.60750167448091
"52","4.14.2017",0.767142857142857,6.24285714285714,11.7857142857143,15.8857142857143,"268","","LS1","shrub","pre","14:17",3,"7",1,0,2,0,"ephedra","LS14.14.2017",2,"1:19:24",2019-09-24 01:19:24,1.32333333333333,1.51133501259446,2,1.51133501259446
"53","4.14.2017",0.767142857142857,6.24285714285714,11.7857142857143,15.8857142857143,"269","","LS2","shrub","pre","14:22",1,"9",2,0,1,0,"no","LS24.14.2017",1,"1:42:53",2019-09-24 01:42:53,1.71472222222222,0.583184837194233,1,0.583184837194233
"54","4.14.2017",0.767142857142857,6.24285714285714,11.7857142857143,15.8857142857143,"184","","LS3","shrub","pre","14:32",1,"10",0,0,3,0,"no","LS34.14.2017",4,"0:59:22",2019-09-24 00:59:22,0.989444444444444,4.04267265581134,9,9.09601347557552
"55","4.14.2017",0.767142857142857,6.24285714285714,11.7857142857143,15.8857142857143,"188","","LS4","shrub","pre","14:38",0,"8",1,0,2,0,"ephedra","LS44.14.2017",1,"0:53:26",2019-09-24 00:53:26,0.890555555555556,1.12289457267623,1,1.12289457267623
"56","4.14.2017",0.767142857142857,6.24285714285714,11.7857142857143,15.8857142857143,"197","","LS5","shrub","pre","14:46",1,"8",0,0,1,0,"no","LS54.14.2017",2,"0:32:53",2019-09-24 00:32:53,0.548055555555556,3.64926507856057,4,7.29853015712114
"57","4.14.2017",0.767142857142857,6.24285714285714,11.7857142857143,15.8857142857143,"195","","LS6","shrub","pre","14:51",1,"15",0,0,3,0,"acamp","LS64.14.2017",2,"1:05:09",2019-09-24 01:05:09,1.08583333333333,1.84190330007675,2,1.84190330007675
"58","4.15.2017",0.76875,5.175,9.5125,18.5,"278","","LO1","open","pre","12:42",0,"12",0,0,3,2,"no","LO14.15.2017",6,"1:34:38",2019-09-24 01:34:38,1.57722222222222,3.80415639309616,6,3.80415639309616
"59","4.15.2017",0.76875,5.175,9.5125,18.5,"280","","LO2","open","pre","12:49",0,"10",1,0,3,0,"no","LO24.15.2017",10,"1:28:05",2019-09-24 01:28:05,1.46805555555556,6.81173131504257,10,6.81173131504257
"60","4.15.2017",0.76875,5.175,9.5125,18.5,"282","","LO3","open","pre","13:05",0,"6",0,0,2,0,"no","LO34.15.2017",3,"1:05:22",2019-09-24 01:05:22,1.08944444444444,2.75369709331973,3,2.75369709331973
"61","4.15.2017",0.76875,5.175,9.5125,18.5,"294","","LO4","open","pre","13:13",0,"9",0,0,3,0,"no","LO44.15.2017",3,"1:06:59",2019-09-24 01:06:59,1.11638888888889,2.68723563075392,4,3.58298084100523
"62","4.15.2017",0.76875,5.175,9.5125,18.5,"295","","LO5","open","pre","13:20",0,"6",0,0,2,4,"no","LO54.15.2017",1,"1:15:33",2019-09-24 01:15:33,1.25916666666667,0.794176042356056,1,0.794176042356056
"63","4.15.2017",0.76875,5.175,9.5125,18.5,"299","","LO6","open","pre","13:28",0,"11",0,0,3,0,"no","LO64.15.2017",4,"1:07:23",2019-09-24 01:07:23,1.12305555555556,3.56171160029681,7,6.23299530051942
"64","4.15.2017",0.76875,5.175,9.5125,18.5,"278","","LS1","shrub","pre","12:42",0,"12",0,0,3,0,"no","LS14.15.2017",7,"1:36:25",2019-09-24 01:36:25,1.60694444444444,4.35609334485739,7,4.35609334485739
"65","4.15.2017",0.76875,5.175,9.5125,18.5,"280","","LS2","shrub","pre","12:49",0,"10",0,0,2,0,"ephedra","LS24.15.2017",2,"1:38:29",2019-09-24 01:38:29,1.64138888888889,1.21848028431207,5,3.04620071078017
"66","4.15.2017",0.76875,5.175,9.5125,18.5,"282","","LS3","shrub","pre","13:05",0,"6",0,0,3,0,"no","LS34.15.2017",2,"0:53:06",2019-09-24 00:53:06,0.885,2.25988700564972,2,2.25988700564972
"67","4.15.2017",0.76875,5.175,9.5125,18.5,"294","","LS4","shrub","pre","13:13",0,"9",0,0,3,4,"ephedra","LS44.15.2017",3,"0:48:11",2019-09-24 00:48:11,0.803055555555556,3.7357315807679,3,3.7357315807679
"68","4.15.2017",0.76875,5.175,9.5125,18.5,"295","","LS5","shrub","pre","13:20",0,"6",0,0,4,2,"acamp","LS54.15.2017",2,"1:02:53",2019-09-24 01:02:53,1.04805555555556,1.90829578584681,2,1.90829578584681
"69","4.15.2017",0.76875,5.175,9.5125,18.5,"299","","LS6","shrub","pre","13:28",0,"11",0,0,2,0,"acamp","LS64.15.2017",5,"1:07:09",2019-09-24 01:07:09,1.11916666666667,4.46760982874162,5,4.46760982874162
"70","4.16.2017",0.73875,5.175,9.625,18.75,"264","","LO1","open","pre","11:50",1,"12",0,0,1,0,"no","LO14.16.2017",8,"1:35:35",2019-09-24 01:35:35,1.59305555555556,5.02179598953793,8,5.02179598953793
"71","4.16.2017",0.73875,5.175,9.625,18.75,"286","","LO3","open","pre","12:09",0,"7",0,0,2,0,"no","LO34.16.2017",8,"1:06:56",2019-09-24 01:06:56,1.11555555555556,7.17131474103586,8,7.17131474103586
"72","4.16.2017",0.73875,5.175,9.625,18.75,"182","","LO4","open","pre","12:15",3,"7",0,0,2,7,"no","LO44.16.2017",1,"1:02:46",2019-09-24 01:02:46,1.04611111111111,0.955921402018056,1,0.955921402018056
"73","4.16.2017",0.73875,5.175,9.625,18.75,"185","","LO5","open","pre","12:21",0,"12",1,0,4,0,"no","LO54.16.2017",14,"1:15:05",2019-09-24 01:15:05,1.25138888888889,11.1875693673696,14,11.1875693673696
"74","4.16.2017",0.73875,5.175,9.625,18.75,"291","","LO6","open","pre","12:29",1,"6",0,0,2,1,"no","LO64.16.2017",3,"1:04:23",2019-09-24 01:04:23,1.07305555555556,2.79575459487445,3,2.79575459487445
"75","4.16.2017",0.73875,5.175,9.625,18.75,"264","","LS1","shrub","pre","11:50",1,"12",0,0,2,0,"acamp","LS14.16.2017",5,"1:37:38",2019-09-24 01:37:38,1.62722222222222,3.07272106520997,6,3.68726527825196
"76","4.16.2017",0.73875,5.175,9.625,18.75,"276","","LS2","shrub","pre","12:04",3,"6",0,0,2,1,"?","LS24.16.2017",3,"1:41:53",2019-09-24 01:41:53,1.69805555555556,1.76672664812694,3,1.76672664812694
"77","4.16.2017",0.73875,5.175,9.625,18.75,"286","","LS3","shrub","pre","12:09",0,"7",0,0,1,3,"ephedra","LS34.16.2017",1,"0:58:50",2019-09-24 00:58:50,0.980555555555556,1.01983002832861,1,1.01983002832861
"78","4.16.2017",0.73875,5.175,9.625,18.75,"182","","LS4","shrub","pre","12:15",3,"7",0,0,3,2,"no","LS44.16.2017",1,"0:52:19",2019-09-24 00:52:19,0.871944444444444,1.14686205798025,2,2.2937241159605
"79","4.16.2017",0.73875,5.175,9.625,18.75,"185","","LS5","shrub","pre","12:21",0,"12",1,0,4,0,"ephedra","LS54.16.2017",1,"1:02:09",2019-09-24 01:02:09,1.03583333333333,0.965406275140788,1,0.965406275140788
"80","4.16.2017",0.73875,5.175,9.625,18.75,"291","","LS6","shrub","pre","12:29",1,"6",2,0,2,1,"no","LS64.16.2017",3,"1:06:43",2019-09-24 01:06:43,1.11194444444444,2.69797651761179,3,2.69797651761179
"81","4.18.2017",0.668571428571429,6.01428571428571,11.7,16.2571428571429,"270","","LO1","open","pre","12:47",5,"7",1,0,2,0,"","LO14.18.2017",2,"1:18:13",2019-09-24 01:18:13,1.30361111111111,1.53419987215001,2,1.53419987215001
"82","4.18.2017",0.668571428571429,6.01428571428571,11.7,16.2571428571429,"271","","LO2","open","pre","12:53",0,"12",0,0,2,0,"","LO24.18.2017",1,"1:28:13",2019-09-24 01:28:13,1.47027777777778,0.680143585868128,1,0.680143585868128
"83","4.18.2017",0.668571428571429,6.01428571428571,11.7,16.2571428571429,"283","","LO3","open","pre","13:01",0,"9",0,0,1,0,"","LO34.18.2017",1,"1:04:58",2019-09-24 01:04:58,1.08277777777778,0.923550538737814,1,0.923550538737814
"84","4.18.2017",0.668571428571429,6.01428571428571,11.7,16.2571428571429,"290","","LO4","open","pre","13:09",5,"10",0,0,3,0,"","LO44.18.2017",0,"0:54:38",2019-09-24 00:54:38,0.910555555555556,0,0,0
"85","4.18.2017",0.668571428571429,6.01428571428571,11.7,16.2571428571429,"297","","LO5","open","pre","13:17",2,"9",0,0,3,0,"","LO54.18.2017",1,"1:14:35",2019-09-24 01:14:35,1.24305555555556,0.804469273743017,1,0.804469273743017
"86","4.18.2017",0.668571428571429,6.01428571428571,11.7,16.2571428571429,"298","","LO6","open","pre","13:16",5,"9",0,0,2,0,"","LO64.18.2017",0,"0:40:17",2019-09-24 00:40:17,0.671388888888889,0,0,0
"87","4.18.2017",0.668571428571429,6.01428571428571,11.7,16.2571428571429,"270","","LS1","shrub","pre","12:47",5,"7",0,0,3,0,"","LS14.18.2017",6,"1:36:20",2019-09-24 01:36:20,1.60555555555556,3.73702422145329,6,3.73702422145329
"88","4.18.2017",0.668571428571429,6.01428571428571,11.7,16.2571428571429,"271","","LS2","shrub","pre","12:53",0,"12",0,0,3,0,"","LS24.18.2017",1,"1:40:29",2019-09-24 01:40:29,1.67472222222222,0.597113949245314,1,0.597113949245314
"89","4.18.2017",0.668571428571429,6.01428571428571,11.7,16.2571428571429,"283","","LS3","shrub","pre","13:01",0,"9",0,0,2,0,"","LS34.18.2017",1,"0:41:49",2019-09-24 00:41:49,0.696944444444444,1.43483459545636,1,1.43483459545636
"90","4.18.2017",0.668571428571429,6.01428571428571,11.7,16.2571428571429,"290","","LS4","shrub","pre","13:09",5,"10",0,0,3,0,"","LS44.18.2017",0,"0:52:06",2019-09-24 00:52:06,0.868333333333333,0,0,0
"91","4.18.2017",0.668571428571429,6.01428571428571,11.7,16.2571428571429,"297","","LS5","shrub","pre","13:17",2,"9",0,0,1,0,"","LS54.18.2017",0,"0:39:42",2019-09-24 00:39:42,0.661666666666667,0,0,0
"92","4.18.2017",0.668571428571429,6.01428571428571,11.7,16.2571428571429,"298","","LS6","shrub","pre","13:16",5,"9",0,0,2,0,"yucca","LS64.18.2017",0,"1:07:51",2019-09-24 01:07:51,1.13083333333333,0,0,0
"93","4.19.2017",0.77625,6.025,10.0125,17.9,"114","","LO1","open","pre","12:15",2,"13",1,0,1,0,"","LO14.19.2017",7,"1:35:48",2019-09-24 01:35:48,1.59666666666667,4.38413361169102,9,5.63674321503132
"94","4.19.2017",0.77625,6.025,10.0125,17.9,"274","","LO2","open","pre","12:11",1,"12",0,0,2,0,"","LO24.19.2017",1,"1:14:08",2019-09-24 01:14:08,1.23555555555556,0.809352517985612,1,0.809352517985612
"95","4.19.2017",0.77625,6.025,10.0125,17.9,"281","","LO3","open","pre","12:09",2,"5",0,0,1,0,"","LO34.19.2017",1,"1:02:41",2019-09-24 01:02:41,1.04472222222222,0.957192236107418,1,0.957192236107418
"96","4.19.2017",0.77625,6.025,10.0125,17.9,"198","","LO4","open","pre","12:06",1,"11",0,0,4,0,"","LO44.19.2017",1,"0:52:42",2019-09-24 00:52:42,0.878333333333333,1.13851992409867,1,1.13851992409867
"97","4.19.2017",0.77625,6.025,10.0125,17.9,"181","","LO5","open","pre","12:04",3,"12",1,0,2,0,"","LO54.19.2017",3,"1:15:02",2019-09-24 01:15:02,1.25055555555556,2.3989338071968,3,2.3989338071968
"98","4.19.2017",0.77625,6.025,10.0125,17.9,"183","","LO6","open","pre","12:02",0,"9",1,0,3,0,"","LO64.19.2017",0,"1:00:39",2019-09-24 01:00:39,1.01083333333333,0,0,0
"99","4.19.2017",0.77625,6.025,10.0125,17.9,"114","","LS1","shrub","pre","12:15",2,"13",1,0,2,0,"","LS14.19.2017",3,"1:20:17",2019-09-24 01:20:17,1.33805555555556,2.24205937305377,3,2.24205937305377
"100","4.19.2017",0.77625,6.025,10.0125,17.9,"274","","LS2","shrub","pre","12:11",1,"12",0,0,3,1,"","LS24.19.2017",5,"1:34:05",2019-09-24 01:34:05,1.56805555555556,3.18866253321523,5,3.18866253321523
"101","4.19.2017",0.77625,6.025,10.0125,17.9,"281","","LS3","shrub","pre","12:09",2,"5",0,0,1,0,"","LS34.19.2017",0,"0:56:58",2019-09-24 00:56:58,0.949444444444444,0,0,0
"102","4.19.2017",0.77625,6.025,10.0125,17.9,"198","","LS4","shrub","pre","12:06",1,"11",0,0,3,0,"ephedra","LS44.19.2017",1,"0:57:07",2019-09-24 00:57:07,0.951944444444444,1.05048147067406,1,1.05048147067406
"103","4.19.2017",0.77625,6.025,10.0125,17.9,"181","","LS5","shrub","pre","12:04",3,"12",1,0,3,0,"","LS54.19.2017",3,"1:01:25",2019-09-24 01:01:25,1.02361111111111,2.93080054274084,3,2.93080054274084
"104","4.19.2017",0.77625,6.025,10.0125,17.9,"183","","LS6","shrub","pre","12:02",0,"9",1,0,3,0,"","LS64.19.2017",2,"1:07:39",2019-09-24 01:07:39,1.1275,1.77383592017738,2,1.77383592017738
"105","4.20.2017",0.79875,6.125,10.3625,17.8625,"104","","LO1","open","pre","12:37",4,"11",2,0,3,0,"","LO14.20.2017",0,"1:36:11",2019-09-24 01:36:11,1.60305555555556,0,0,0
"106","4.20.2017",0.79875,6.125,10.3625,17.8625,"261","","LO2","open","pre","12:33",1,"12",2,0,2,0,"","LO24.20.2017",0,"1:25:03",2019-09-24 01:25:03,1.4175,0,0,0
"107","4.20.2017",0.79875,6.125,10.3625,17.8625,"301","","LO3","open","pre","12:27",5,"8",2,0,3,1,"","LO34.20.2017",2,"1:02:54",2019-09-24 01:02:54,1.04833333333333,1.90779014308426,2,1.90779014308426
"108","4.20.2017",0.79875,6.125,10.3625,17.8625,"285","","LO4","open","pre","12:29",4,"10",0,1,3,0,"","LO44.20.2017",0,"1:10:30",2019-09-24 01:10:30,1.175,0,0,0
"109","4.20.2017",0.79875,6.125,10.3625,17.8625,"302","","LO5","open","pre","12:16",3,"7",0,0,1,0,"","LO54.20.2017",1,"1:15:10",2019-09-24 01:15:10,1.25277777777778,0.798226164079823,1,0.798226164079823
"110","4.20.2017",0.79875,6.125,10.3625,17.8625,"303","","LO6","open","pre","12:24",2,"16",2,0,1,0,"","LO64.20.2017",2,"1:09:43",2019-09-24 01:09:43,1.16194444444444,1.72125268945733,2,1.72125268945733
"111","4.20.2017",0.79875,6.125,10.3625,17.8625,"104","","LS1","shrub","pre","12:37",4,"11",2,0,2,0,"","LS14.20.2017",0,"1:37:28",2019-09-24 01:37:28,1.62444444444444,0,0,0
"112","4.20.2017",0.79875,6.125,10.3625,17.8625,"261","","LS2","shrub","pre","12:33",1,"12",1,0,4,0,"","LS24.20.2017",12,"1:42:25",2019-09-24 01:42:25,1.70694444444444,7.03010577705452,12,7.03010577705452
"113","4.20.2017",0.79875,6.125,10.3625,17.8625,"301","","LS3","shrub","pre","12:27",5,"8",3,0,2,0,"acamp","LS34.20.2017",0,"0:41:34",2019-09-24 00:41:34,0.692777777777778,0,0,0
"114","4.20.2017",0.79875,6.125,10.3625,17.8625,"285","","LS4","shrub","pre","12:29",4,"10",1,1,2,1,"acamp","LS44.20.2017",1,"0:50:02",2019-09-24 00:50:02,0.833888888888889,1.19920053297801,1,1.19920053297801
"115","4.20.2017",0.79875,6.125,10.3625,17.8625,"302","","LS5","shrub","pre","13:56",3,"7",1,0,1,0,"","LS54.20.2017",3,"1:01:57",2019-09-24 01:01:57,1.0325,2.90556900726392,3,2.90556900726392
"116","4.20.2017",0.79875,6.125,10.3625,17.8625,"303","","LS6","shrub","pre","12:24",2,"16",2,0,2,0,"","LS64.20.2017",1,"1:09:35",2019-09-24 01:09:35,1.15972222222222,0.862275449101796,1,0.862275449101796
"117","4.21.2017",0.772857142857143,7.12857142857143,13.2428571428571,15.9285714285714,"276","","LS1","shrub","bloom","14:26",328,"13",3,0,2,0,"?","LS14.21.2017",1,"1:33:05",2019-09-24 01:33:05,1.55138888888889,0.644583706356312,1,0.644583706356312
"118","4.21.2017",0.772857142857143,7.12857142857143,13.2428571428571,15.9285714285714,"276","","LO1","open","bloom","14:26",328,"13",2,0,1,0,"","LO14.21.2017",7,"1:38:40",2019-09-24 01:38:40,1.64444444444444,4.25675675675676,10,6.08108108108108
"119","4.21.2017",0.772857142857143,7.12857142857143,13.2428571428571,15.9285714285714,"275","","LS2","shrub","bloom","14:31",279,"18",0,0,3,0,"","LS24.21.2017",4,"1:38:11",2019-09-24 01:38:11,1.63638888888889,2.44440672211849,4,2.44440672211849
"120","4.21.2017",0.772857142857143,7.12857142857143,13.2428571428571,15.9285714285714,"275","","LO2","open","bloom","14:31",279,"18",0,0,1,0,"","LO24.21.2017",1,"1:30:36",2019-09-24 01:30:36,1.51,0.662251655629139,2,1.32450331125828
"121","4.21.2017",0.772857142857143,7.12857142857143,13.2428571428571,15.9285714285714,"189","","LS3","shrub","bloom","14:04",194,"10",NA,NA,NA,NA,"","LS34.21.2017",0,"1:15:19",2019-09-24 01:15:19,1.25527777777778,0,0,0
"122","4.21.2017",0.772857142857143,7.12857142857143,13.2428571428571,15.9285714285714,"189","","LO3","open","bloom","14:04",194,"10",NA,NA,NA,NA,"","LO34.21.2017",0,"0:55:44",2019-09-24 00:55:44,0.928888888888889,0,0,0
"123","4.21.2017",0.772857142857143,7.12857142857143,13.2428571428571,15.9285714285714,"182","","LO4","open","bloom","14:10",110,"7",NA,NA,NA,NA,"","LO44.21.2017",3,"1:21:16",2019-09-24 01:21:16,1.35444444444444,2.2149302707137,3,2.2149302707137
"124","4.21.2017",0.772857142857143,7.12857142857143,13.2428571428571,15.9285714285714,"182","","LS4","shrub","bloom","14:10",110,"7",NA,NA,NA,NA,"","LS44.21.2017",4,"1:15:44",2019-09-24 01:15:44,1.26222222222222,3.16901408450704,5,3.9612676056338
"125","4.21.2017",0.772857142857143,7.12857142857143,13.2428571428571,15.9285714285714,"180","","LO5","open","bloom","14:14",384,"9",4,0,3,9,"","LO54.21.2017",3,"1:21:46",2019-09-24 01:21:46,1.36277777777778,2.2013860578883,5,3.66897676314717
"126","4.21.2017",0.772857142857143,7.12857142857143,13.2428571428571,15.9285714285714,"180","","LS5","shrub","bloom","14:14",384,"9",4,0,1,0,"s.cholla","LS54.21.2017",3,"1:34:46",2019-09-24 01:34:46,1.57944444444444,1.89940204009849,3,1.89940204009849
"127","4.21.2017",0.772857142857143,7.12857142857143,13.2428571428571,15.9285714285714,"194","","LO6","open","bloom","14:20",367,"16",0,0,2,0,"","LO64.21.2017",0,"1:12:48",2019-09-24 01:12:48,1.21333333333333,0,0,0
"128","4.21.2017",0.772857142857143,7.12857142857143,13.2428571428571,15.9285714285714,"194","","LS6","shrub","bloom","14:20",367,"16",1,0,2,0,"","LS64.21.2017",0,"1:24:55",2019-09-24 01:24:55,1.41527777777778,0,0,0
"129","4.22.2017",0.77375,5.425,9.675,17.2,"289","","LO1","open","bloom","13:02",255,"9",1,0,3,0,"","LO14.22.2017",4,"1:18:11",2019-09-24 01:18:11,1.30305555555556,3.06970795139629,7,5.37198891494351
"130","4.22.2017",0.77375,5.425,9.675,17.2,"289","","LS1","shrub","bloom","13:02",255,"9",1,0,1,0,"","LS14.22.2017",0,"1:11:42",2019-09-24 01:11:42,1.195,0,0,0
"131","4.22.2017",0.77375,5.425,9.675,17.2,"146","","LO2","open","bloom","13:25",216,"9",0,0,2,0,"","LO24.22.2017",5,"1:14:16",2019-09-24 01:14:16,1.23777777777778,4.0394973070018,6,4.84739676840215
"132","4.22.2017",0.77375,5.425,9.675,17.2,"146","","LS2","shrub","bloom","13:25",216,"9",0,0,2,0,"","LS24.22.2017",0,"1:19:04",2019-09-24 01:19:04,1.31777777777778,0,0,0
"133","4.22.2017",0.77375,5.425,9.675,17.2,"266","","LO3","open","bloom","13:39",184,"9",0,0,3,0,"","LO34.22.2017",3,"1:14:07",2019-09-24 01:14:07,1.23527777777778,2.42860355295705,3,2.42860355295705
"134","4.22.2017",0.77375,5.425,9.675,17.2,"266","","LS3","shrub","bloom","13:39",184,"9",1,0,3,0,"","LS34.22.2017",6,"1:02:03",2019-09-24 01:02:03,1.03416666666667,5.80177276390008,8,7.73569701853344
"135","4.22.2017",0.77375,5.425,9.675,17.2,"new1","","LO4","open","bloom","13:47",530,"10",0,0,2,0,"","LO44.22.2017",3,"1:39:59",2019-09-24 01:39:59,1.66638888888889,1.80030005000833,3,1.80030005000833
"136","4.22.2017",0.77375,5.425,9.675,17.2,"new1","","LS4","shrub","bloom","13:47",530,"10",1,0,2,0,"","LS44.22.2017",2,"1:15:40",2019-09-24 01:15:40,1.26111111111111,1.58590308370044,3,2.37885462555066
"137","4.22.2017",0.77375,5.425,9.675,17.2,"195","","LO5","open","bloom","14:01",263,"8",0,0,2,0,"","LO54.22.2017",1,"1:18:33",2019-09-24 01:18:33,1.30916666666667,0.763844684914068,1,0.763844684914068
"138","4.22.2017",0.77375,5.425,9.675,17.2,"195","","LS5","shrub","bloom","14:01",263,"8",1,0,3,2,"","LS54.22.2017",3,"1:25:42",2019-09-24 01:25:42,1.42833333333333,2.10035005834306,3,2.10035005834306
"139","4.22.2017",0.77375,5.425,9.675,17.2,"197","","LO6","open","bloom","13:55",141,"8",0,0,2,0,"","LO64.22.2017",1,"1:25:38",2019-09-24 01:25:38,1.42722222222222,0.700661736084079,1,0.700661736084079
"140","4.22.2017",0.77375,5.425,9.675,17.2,"197","","LS6","shrub","bloom","13:55",141,"8",0,0,2,0,"","LS64.22.2017",1,"1:24:13",2019-09-24 01:24:13,1.40361111111111,0.712448050662972,1,0.712448050662972
"141","4.23.2017",0.7775,4.575,9.4,17.1625,"264","","LO1","open","bloom","11:06",120,"21",0,0,1,0,"","LO14.23.2017",1,"1:21:48",2019-09-24 01:21:48,1.36333333333333,0.733496332518337,2,1.46699266503667
"142","4.23.2017",0.7775,4.575,9.4,17.1625,"301","","LO2","open","bloom","11:18",228,"10",1,0,0,0,"","LO24.23.2017",4,"1:12:31",2019-09-24 01:12:31,1.20861111111111,3.30958400367732,4,3.30958400367732
"143","4.23.2017",0.7775,4.575,9.4,17.1625,"295","","LO3","open","bloom","11:39",253,"16",3,0,3,4,"","LO34.23.2017",4,"1:29:35",2019-09-24 01:29:35,1.49305555555556,2.67906976744186,4,2.67906976744186
"144","4.23.2017",0.7775,4.575,9.4,17.1625,"298","","LO4","open","bloom","11:49",263,"9",0,0,3,0,"","LO44.23.2017",4,"1:41:13",2019-09-24 01:41:13,1.68694444444444,2.37115099621275,6,3.55672649431912
"145","4.23.2017",0.7775,4.575,9.4,17.1625,"196","","LO5","open","bloom","12:02",197,"14",0,0,2,0,"","LO54.23.2017",2,"1:36:38",2019-09-24 01:36:38,1.61055555555556,1.24180751983443,4,2.48361503966885
"146","4.23.2017",0.7775,4.575,9.4,17.1625,"192","","LO6","open","bloom","12:10",298,"8",0,0,3,1,"","LO64.23.2017",8,"1:27:23",2019-09-24 01:27:23,1.45638888888889,5.49303833683006,8,5.49303833683006
"147","4.23.2017",0.7775,4.575,9.4,17.1625,"264","","LS1","shrub","bloom","11:06",120,"21",1,0,1,0,"","LS14.23.2017",1,"1:18:23",2019-09-24 01:18:23,1.30638888888889,0.765468849670423,1,0.765468849670423
"148","4.23.2017",0.7775,4.575,9.4,17.1625,"301","","LS2","shrub","bloom","11:18",228,"10",3,0,0,0,"acamp fl","LS24.23.2017",0,"1:19:08",2019-09-24 01:19:08,1.31888888888889,0,0,0
"149","4.23.2017",0.7775,4.575,9.4,17.1625,"295","","LS3","shrub","bloom","11:39",253,"16",2,0,2,0,"acamp fl","LS34.23.2017",2,"1:15:35",2019-09-24 01:15:35,1.25972222222222,1.58765159867696,2,1.58765159867696
"150","4.23.2017",0.7775,4.575,9.4,17.1625,"298","","LS4","shrub","bloom","11:49",263,"9",1,0,2,0,"","LS44.23.2017",6,"1:35:44",2019-09-24 01:35:44,1.59555555555556,3.76044568245125,13,8.14763231197772
"151","4.23.2017",0.7775,4.575,9.4,17.1625,"196","","LS5","shrub","bloom","12:02",197,"14",0,0,3,0,"","LS54.23.2017",4,"1:18:17",2019-09-24 01:18:17,1.30472222222222,3.06578667234405,9,6.89802001277411
"152","4.23.2017",0.7775,4.575,9.4,17.1625,"192","","LS6","shrub","bloom","12:10",298,"8",0,1,2,0,"","LS64.23.2017",2,"1:43:33",2019-09-24 01:43:33,1.72583333333333,1.15886045388701,3,1.73829068083052
"153","4.25.2017",0.714285714285714,5.98571428571429,11.8428571428571,16.4142857142857,"262","","LO1","open","bloom","14:41",280,"8",4,0,3,0,"","LO14.25.2017",0,"1:21:59",2019-09-24 01:21:59,1.36638888888889,0,0,0
"154","4.25.2017",0.714285714285714,5.98571428571429,11.8428571428571,16.4142857142857,"282","","LO2","open","bloom","14:48",111,"8",1,2,3,0,"","LO24.25.2017",0,"1:29:19",2019-09-24 01:29:19,1.48861111111111,0,0,0
"155","4.25.2017",0.714285714285714,5.98571428571429,11.8428571428571,16.4142857142857,"293","","LO3","open","bloom","15:04",103,"7",2,0,2,0,"","LO34.25.2017",1,"1:15:39",2019-09-24 01:15:39,1.26083333333333,0.793126239259749,1,0.793126239259749
"156","4.25.2017",0.714285714285714,5.98571428571429,11.8428571428571,16.4142857142857,"294","","LO4","open","bloom","15:11",168,"8",0,1,2,2,"","LO44.25.2017",1,"1:42:59",2019-09-24 01:42:59,1.71638888888889,0.582618546690403,1,0.582618546690403
"157","4.25.2017",0.714285714285714,5.98571428571429,11.8428571428571,16.4142857142857,"297","","LO5","open","bloom","15:20",354,"7",0,0,2,0,"","LO54.25.2017",0,"1:23:32",2019-09-24 01:23:32,1.39222222222222,0,0,0
"158","4.25.2017",0.714285714285714,5.98571428571429,11.8428571428571,16.4142857142857,"188","","LO6","open","bloom","15:28",126,"7",2,0,3,0,"","LO64.25.2017",0,"1:14:38",2019-09-24 01:14:38,1.24388888888889,0,0,0
"159","4.25.2017",0.714285714285714,5.98571428571429,11.8428571428571,16.4142857142857,"262","","LS1","shrub","bloom","14:41",280,"8",3,0,3,2,"","LS14.25.2017",1,"1:37:11",2019-09-24 01:37:11,1.61972222222222,0.617389813068084,1,0.617389813068084
"160","4.25.2017",0.714285714285714,5.98571428571429,11.8428571428571,16.4142857142857,"282","","LS2","shrub","bloom","14:48",111,"8",3,1,3,0,"","LS24.25.2017",0,"1:21:01",2019-09-24 01:21:01,1.35027777777778,0,0,0
"161","4.25.2017",0.714285714285714,5.98571428571429,11.8428571428571,16.4142857142857,"293","","LS3","shrub","bloom","15:04",103,"7",5,1,3,0,"","LS34.25.2017",0,"1:35:38",2019-09-24 01:35:38,1.59388888888889,0,0,0
"162","4.25.2017",0.714285714285714,5.98571428571429,11.8428571428571,16.4142857142857,"294","","LS4","shrub","bloom","15:11",168,"8",0,1,3,0,"","LS44.25.2017",0,"1:38:34",2019-09-24 01:38:34,1.64277777777778,0,0,0
"163","4.25.2017",0.714285714285714,5.98571428571429,11.8428571428571,16.4142857142857,"297","","LS5","shrub","bloom","15:20",354,"7",0,0,4,0,"","LS54.25.2017",0,"1:19:48",2019-09-24 01:19:48,1.33,0,0,0
"164","4.25.2017",0.714285714285714,5.98571428571429,11.8428571428571,16.4142857142857,"188","","LS6","shrub","bloom","15:28",126,"7",2,0,3,0,"","LS64.25.2017",0,"1:27:26",2019-09-24 01:27:26,1.45722222222222,0,0,0
"165","4.26.2017",0.65625,5.1875,10.4625,17.4,"114","","LO1","open","bloom","11:20",302,"11",4,1,1,0,"","LO14.26.2017",1,"1:39:12",2019-09-24 01:39:12,1.65333333333333,0.604838709677419,1,0.604838709677419
"166","4.26.2017",0.65625,5.1875,10.4625,17.4,"269","","LO2","open","bloom","11:32",224,"10",3,0,3,0,"","LO24.26.2017",3,"1:02:02",2019-09-24 01:02:02,1.03388888888889,2.90166577109081,3,2.90166577109081
"167","4.26.2017",0.65625,5.1875,10.4625,17.4,"270","","LO3","open","bloom","11:40",146,"9",3,0,2,0,"","LO34.26.2017",1,"1:13:37",2019-09-24 01:13:37,1.22694444444444,0.815032827711116,1,0.815032827711116
"168","4.26.2017",0.65625,5.1875,10.4625,17.4,"288","","LO4","open","bloom","11:54",260,"9",4,0,3,0,"","LO44.26.2017",4,"1:22:24",2019-09-24 01:22:24,1.37333333333333,2.9126213592233,5,3.64077669902913
"169","4.26.2017",0.65625,5.1875,10.4625,17.4,"286","","LO5","open","bloom","12:02",145,"13",0,0,1,0,"","LO54.26.2017",2,"1:20:33",2019-09-24 01:20:33,1.3425,1.48975791433892,3,2.23463687150838
"170","4.26.2017",0.65625,5.1875,10.4625,17.4,"190","","LO6","open","bloom","12:02",399,"8",3,0,2,2,"","LO64.26.2017",0,"1:26:49",2019-09-24 01:26:49,1.44694444444444,0,0,0
"171","4.26.2017",0.65625,5.1875,10.4625,17.4,"114","","LS1","shrub","bloom","11:20",302,"11",3,1,1,0,"","LS14.26.2017",2,"1:35:20",2019-09-24 01:35:20,1.58888888888889,1.25874125874126,2,1.25874125874126
"172","4.26.2017",0.65625,5.1875,10.4625,17.4,"269","","LS2","shrub","bloom","11:32",224,"10",4,0,3,0,"","LS24.26.2017",0,"1:37:48",2019-09-24 01:37:48,1.63,0,0,0
"173","4.26.2017",0.65625,5.1875,10.4625,17.4,"270","","LS3","shrub","bloom","11:40",146,"9",2,0,2,0,"","LS34.26.2017",0,"0:40:58",2019-09-24 00:40:58,0.682777777777778,0,0,0
"174","4.26.2017",0.65625,5.1875,10.4625,17.4,"288","","LS4","shrub","bloom","11:54",260,"9",0,0,2,0,"","LS44.26.2017",0,"1:33:03",2019-09-24 01:33:03,1.55083333333333,0,0,0
"175","4.26.2017",0.65625,5.1875,10.4625,17.4,"286","","LS5","shrub","bloom","12:02",145,"13",2,0,2,0,"","LS54.26.2017",0,"1:18:03",2019-09-24 01:18:03,1.30083333333333,0,0,0
"176","4.26.2017",0.65625,5.1875,10.4625,17.4,"190","","LS6","shrub","bloom","12:02",399,"8",0,0,2,0,"","LS64.26.2017",0,"1:43:55",2019-09-24 01:43:55,1.73194444444444,0,0,0
"177","4.27.2017",0.66,4.125,9.2375,17.3625,"104","","LO1","open","bloom","11:30",189,"10",2,0,2,0,"","LO14.27.2017",3,"1:39:59",2019-09-24 01:39:59,1.66638888888889,1.80030005000833,4,2.40040006667778
"178","4.27.2017",0.66,4.125,9.2375,17.3625,"265","","LO2","open","bloom","11:41",332,"12",8,0,1,0,"","LO24.27.2017",0,"1:35:18",2019-09-24 01:35:18,1.58833333333333,0,0,0
"179","4.27.2017",0.66,4.125,9.2375,17.3625,"272","","LO4","open","bloom","12:10",255,"10",4,0,2,1,"","LO44.27.2017",0,"1:42:14",2019-09-24 01:42:14,1.70388888888889,0,0,0
"180","4.27.2017",0.66,4.125,9.2375,17.3625,"268","","LO3","open","bloom","11:57",303,"10",5,0,2,0,"","LO34.27.2017",1,"1:13:39",2019-09-24 01:13:39,1.2275,0.814663951120163,2,1.62932790224033
"181","4.27.2017",0.66,4.125,9.2375,17.3625,"181","","LO5","open","bloom","12:22",201,"16",3,0,3,1,"","LO54.27.2017",2,"1:40:14",2019-09-24 01:40:14,1.67055555555556,1.19720651812438,3,1.79580977718656
"182","4.27.2017",0.66,4.125,9.2375,17.3625,"186","","LO6","open","bloom","12:29",151,"14",6,0,1,2,"","LO64.27.2017",0,"1:30:08",2019-09-24 01:30:08,1.50222222222222,0,0,0
"183","4.27.2017",0.66,4.125,9.2375,17.3625,"265","","LS2","shrub","bloom","11:41",332,"12",8,0,3,0,"","LS24.27.2017",0,"1:20:00",2019-09-24 01:20:00,1.33333333333333,0,0,0
"184","4.27.2017",0.66,4.125,9.2375,17.3625,"268","","LS3","shrub","bloom","11:57",303,"10",6,0,2,1,"","LS34.27.2017",0,"1:34:54",2019-09-24 01:34:54,1.58166666666667,0,0,0
"185","4.27.2017",0.66,4.125,9.2375,17.3625,"272","","LS4","shrub","bloom","12:10",255,"10",6,0,3,0,"","LS44.27.2017",1,"1:36:00",2019-09-24 01:36:00,1.6,0.625,2,1.25
"186","4.27.2017",0.66,4.125,9.2375,17.3625,"104","","LS1","shrub","bloom","11:30",189,"10",4,0,2,0,"","LS14.27.2017",2,"1:34:26",2019-09-24 01:34:26,1.57388888888889,1.27073773385104,3,1.90610660077656
"187","4.27.2017",0.66,4.125,9.2375,17.3625,"181","","LS5","shrub","bloom","12:22",201,"16",6,0,3,2,"","LS54.27.2017",7,"1:16:51",2019-09-24 01:16:51,1.28083333333333,5.46519193233572,12,9.36890045543266
"188","4.27.2017",0.66,4.125,9.2375,17.3625,"186","","LS6","shrub","bloom","12:29",151,"14",8,0,3,0,"","LS64.27.2017",3,"1:44:25",2019-09-24 01:44:25,1.74027777777778,1.72386272944932,4,2.29848363926576
"189","4.29.2017",0.8125,5,10.05,17.2625,"271","","LO1","open","bloom","13:40",270,"9",7,0,1,0,"","LO14.29.2017",2,"1:40:30",2019-09-24 01:40:30,1.675,1.19402985074627,2,1.19402985074627
"190","4.29.2017",0.8125,5,10.05,17.2625,"278","","LO2","open","bloom","13:49",338,"12",0,0,2,0,"","LO24.29.2017",0,"1:32:33",2019-09-24 01:32:33,1.5425,0,0,0
"191","4.29.2017",0.8125,5,10.05,17.2625,"296","","LO3","open","bloom","13:58",483,"10",3,0,3,3,"","LO34.29.2017",0,"1:30:33",2019-09-24 01:30:33,1.50916666666667,0,0,0
"192","4.29.2017",0.8125,5,10.05,17.2625,"184","","LO4","open","bloom","14:07",366,"8",1,0,2,0,"","LO44.29.2017",1,"1:42:40",2019-09-24 01:42:40,1.71111111111111,0.584415584415584,1,0.584415584415584
"193","4.29.2017",0.8125,5,10.05,17.2625,"191","","LO5","open","bloom","14:13",322,"9",2,0,1,0,"","LO54.29.2017",1,"1:40:45",2019-09-24 01:40:45,1.67916666666667,0.595533498759305,1,0.595533498759305
"194","4.29.2017",0.8125,5,10.05,17.2625,"199","","LO6","open","bloom","14:20",332,"7",0,0,3,0,"","LO64.29.2017",1,"1:30:08",2019-09-24 01:30:08,1.50222222222222,0.665680473372781,1,0.665680473372781
"195","4.29.2017",0.8125,5,10.05,17.2625,"271","","LS1","shrub","bloom","13:40",270,"9",8,0,2,0,"","LS14.29.2017",1,"1:36:57",2019-09-24 01:36:57,1.61583333333333,0.618875709128417,1,0.618875709128417
"196","4.29.2017",0.8125,5,10.05,17.2625,"278","","LS2","shrub","bloom","13:49",338,"12",3,0,3,1,"","LS24.29.2017",0,"1:38:59",2019-09-24 01:38:59,1.64972222222222,0,0,0
"197","4.29.2017",0.8125,5,10.05,17.2625,"296","","LS3","shrub","bloom","13:58",483,"10",3,0,2,1,"","LS34.29.2017",1,"1:34:51",2019-09-24 01:34:51,1.58083333333333,0.632577754348972,1,0.632577754348972
"198","4.29.2017",0.8125,5,10.05,17.2625,"184","","LS4","shrub","bloom","14:07",366,"8",8,1,2,1,"","LS44.29.2017",0,"1:36:37",2019-09-24 01:36:37,1.61027777777778,0,0,0
"199","4.29.2017",0.8125,5,10.05,17.2625,"191","","LS5","shrub","bloom","14:13",322,"9",4,0,2,0,"","LS54.29.2017",0,"1:38:52",2019-09-24 01:38:52,1.64777777777778,0,0,0
"200","4.29.2017",0.8125,5,10.05,17.2625,"199","","LS6","shrub","bloom","14:20",332,"7",1,0,3,0,"","LS64.29.2017",0,"1:25:40",2019-09-24 01:25:40,1.42777777777778,0,0,0
"201","4.30.2017",0.80875,4.7875,9.3375,17.525,"263","","LO1","open","bloom","10:48",260,"10",3,0,4,1,"","LO14.30.2017",3,"1:29:17",2019-09-24 01:29:17,1.48805555555556,2.01605376143364,4,2.68807168191152
"202","4.30.2017",0.80875,4.7875,9.3375,17.525,"274","","LO2","open","bloom","10:57",406,"14",4,1,2,0,"","LO24.30.2017",1,"1:34:41",2019-09-24 01:34:41,1.57805555555556,0.633691251540222,1,0.633691251540222
"203","4.30.2017",0.80875,4.7875,9.3375,17.525,"285","","LO3","open","bloom","11:02",152,"6",0,1,3,3,"","LO34.30.2017",1,"1:26:01",2019-09-24 01:26:01,1.43361111111111,0.697539236582058,1,0.697539236582058
"204","4.30.2017",0.80875,4.7875,9.3375,17.525,"290","","LO4","open","bloom","11:10",118,"8",1,0,2,0,"","LO44.30.2017",3,"1:40:11",2019-09-24 01:40:11,1.66972222222222,1.79670603892863,7,4.19231409083347
"205","4.30.2017",0.80875,4.7875,9.3375,17.525,"187","","LO5","open","bloom","11:17",264,"16",1,0,1,0,"","LO54.30.2017",8,"1:39:19",2019-09-24 01:39:19,1.65527777777778,4.8330256754489,19,11.4784359791911
"206","4.30.2017",0.80875,4.7875,9.3375,17.525,"183","","LO6","open","bloom","11:26",709,"8",7,0,2,0,"","LO64.30.2017",2,"1:29:41",2019-09-24 01:29:41,1.49472222222222,1.33804125627207,2,1.33804125627207
"207","4.30.2017",0.80875,4.7875,9.3375,17.525,"263","","LS1","shrub","bloom","10:48",260,"10",3,0,2,2,"","LS14.30.2017",1,"1:35:30",2019-09-24 01:35:30,1.59166666666667,0.628272251308901,1,0.628272251308901
"208","4.30.2017",0.80875,4.7875,9.3375,17.525,"274","","LS2","shrub","bloom","10:57",406,"14",7,1,3,0,"","LS24.30.2017",2,"1:37:28",2019-09-24 01:37:28,1.62444444444444,1.2311901504788,2,1.2311901504788
"209","4.30.2017",0.80875,4.7875,9.3375,17.525,"285","","LS3","shrub","bloom","11:02",152,"6",3,1,2,1,"","LS34.30.2017",2,"1:33:39",2019-09-24 01:33:39,1.56083333333333,1.28136679124399,2,1.28136679124399
"210","4.30.2017",0.80875,4.7875,9.3375,17.525,"290","","LS4","shrub","bloom","11:10",118,"8",5,0,2,0,"","LS44.30.2017",2,"1:35:06",2019-09-24 01:35:06,1.585,1.26182965299685,2,1.26182965299685
"211","4.30.2017",0.80875,4.7875,9.3375,17.525,"187","","LS5","shrub","bloom","11:17",264,"16",2,1,2,0,"","LS54.30.2017",1,"1:37:23",2019-09-24 01:37:23,1.62305555555556,0.616121855211364,1,0.616121855211364
"212","4.30.2017",0.80875,4.7875,9.3375,17.525,"183","","LS6","shrub","bloom","11:26",709,"8",2,0,2,0,"","LS64.30.2017",1,"1:41:50",2019-09-24 01:41:50,1.69722222222222,0.589198036006547,1,0.589198036006547
"213","5.1.2017",0.8025,5.1375,10.5125,17.4375,"261","","LO1","open","bloom","11:30",143,"8",10,0,2,0,"","LO15.1.2017",0,"1:14:35",2019-09-24 01:14:35,1.24305555555556,0,0,0
"214","5.1.2017",0.8025,5.1375,10.5125,17.4375,"273","","LO2","open","bloom","11:36",371,"7",5,0,2,0,"","LO25.1.2017",0,"0:45:00",2019-09-24 00:45:00,0.75,0,0,0
"215","5.1.2017",0.8025,5.1375,10.5125,17.4375,"280","","LO3","open","bloom","11:42",535,"10",3,1,3,0,"","LO35.1.2017",3,"1:28:49",2019-09-24 01:28:49,1.48027777777778,2.02664665040345,3,2.02664665040345
"216","5.1.2017",0.8025,5.1375,10.5125,17.4375,"283","","LO4","open","bloom","11:53",1080,"10",3,0,2,0,"","LO45.1.2017",0,"1:23:01",2019-09-24 01:23:01,1.38361111111111,0,0,0
"217","5.1.2017",0.8025,5.1375,10.5125,17.4375,"291","","LO5","open","bloom","12:06",728,"10",3,0,2,0,"","LO55.1.2017",0,"1:39:11",2019-09-24 01:39:11,1.65305555555556,0,0,0
"218","5.1.2017",0.8025,5.1375,10.5125,17.4375,"198","","LO6","open","bloom","",430,"9",2,0,2,0,"","LO65.1.2017",0,"1:19:26",2019-09-24 01:19:26,1.32388888888889,0,0,0
"219","5.1.2017",0.8025,5.1375,10.5125,17.4375,"261","","LS1","shrub","bloom","11:30",143,"8",6,0,1,0,"","LS15.1.2017",0,"1:17:53",2019-09-24 01:17:53,1.29805555555556,0,0,0
"220","5.1.2017",0.8025,5.1375,10.5125,17.4375,"273","","LS2","shrub","bloom","11:36",371,"7",4,0,3,0,"","LS25.1.2017",2,"1:30:38",2019-09-24 01:30:38,1.51055555555556,1.32401618242001,2,1.32401618242001
"221","5.1.2017",0.8025,5.1375,10.5125,17.4375,"280","","LS3","shrub","bloom","11:42",535,"10",6,0,2,0,"","LS35.1.2017",1,"1:13:09",2019-09-24 01:13:09,1.21916666666667,0.820232399179768,1,0.820232399179768
"222","5.1.2017",0.8025,5.1375,10.5125,17.4375,"283","","LS4","shrub","bloom","11:53",1080,"10",3,0,2,0,"","LS45.1.2017",0,"1:36:02",2019-09-24 01:36:02,1.60055555555556,0,0,0
"223","5.1.2017",0.8025,5.1375,10.5125,17.4375,"291","","LS5","shrub","bloom","12:06",728,"10",11,2,2,0,"","LS55.1.2017",2,"1:27:50",2019-09-24 01:27:50,1.46388888888889,1.36622390891841,3,2.04933586337761
"224","5.1.2017",0.8025,5.1375,10.5125,17.4375,"198","","LS6","shrub","bloom","",430,"9",2,0,3,2,"","LS65.1.2017",0,"1:35:17",2019-09-24 01:35:17,1.58805555555556,0,0,0
"225","5.2.2017",0.797142857142857,6.2,11.8,16.2,"281","","LO1","open","bloom","11:31",307,"17",4,0,3,0,"","LO15.2.2017",6,"1:38:08",2019-09-24 01:38:08,1.63555555555556,3.66847826086956,13,7.94836956521739
"226","5.2.2017",0.797142857142857,6.2,11.8,16.2,"185","","LO2","open","bloom","11:37",179,"11",4,0,2,0,"","LO25.2.2017",0,"0:45:00",2019-09-24 00:45:00,0.75,0,0,0
"227","5.2.2017",0.797142857142857,6.2,11.8,16.2,"193","","LO3","open","bloom","11:42",218,"13",7,2,2,0,"","LO35.2.2017",2,"1:28:18",2019-09-24 01:28:18,1.47166666666667,1.35900339750849,2,1.35900339750849
"228","5.2.2017",0.797142857142857,6.2,11.8,16.2,"300","","LO5","open","bloom","11:59",238,"15",1,8,2,0,"","LO55.2.2017",1,"1:37:09",2019-09-24 01:37:09,1.61916666666667,0.617601646937725,1,0.617601646937725
"229","5.2.2017",0.797142857142857,6.2,11.8,16.2,"302","","LO6","open","bloom","12:10",735,"11",2,0,3,0,"","LO65.2.2017",0,"1:24:12",2019-09-24 01:24:12,1.40333333333333,0,0,0
"230","5.2.2017",0.797142857142857,6.2,11.8,16.2,"281","","LS1","shrub","bloom","11:31",307,"17",4,0,1,0,"","LS15.2.2017",2,"1:32:17",2019-09-24 01:32:17,1.53805555555556,1.300343146108,2,1.300343146108
"231","5.2.2017",0.797142857142857,6.2,11.8,16.2,"185","","LS2","shrub","bloom","11:37",179,"11",6,0,2,0,"","LS25.2.2017",2,"1:35:36",2019-09-24 01:35:36,1.59333333333333,1.25523012552301,3,1.88284518828452
"232","5.2.2017",0.797142857142857,6.2,11.8,16.2,"193","","LS3","shrub","bloom","11:42",218,"13",9,1,3,1,"","LS35.2.2017",0,"1:30:14",2019-09-24 01:30:14,1.50388888888889,0,0,0
"233","5.2.2017",0.797142857142857,6.2,11.8,16.2,"198","","LS4","shrub","bloom","11:52",369,"10",2,0,3,1,"","LS45.2.2017",3,"1:15:05",2019-09-24 01:15:05,1.25138888888889,2.39733629300777,3,2.39733629300777
"234","5.2.2017",0.797142857142857,6.2,11.8,16.2,"300","","LS5","shrub","bloom","11:59",238,"15",1,0,3,0,"","LS55.2.2017",0,"1:34:33",2019-09-24 01:34:33,1.57583333333333,0,0,0
"235","5.2.2017",0.797142857142857,6.2,11.8,16.2,"302","","LS6","shrub","bloom","12:10",735,"11",15,0,2,0,"","LS65.2.2017",3,"1:41:37",2019-09-24 01:41:37,1.69361111111111,1.77136296539282,3,1.77136296539282
